Symbol,Sector,Closed trades,Win rate %,Median trade %,Median hold (sessions),Held % of sessions,Buy & hold %,First bar
AAPL,Technology,4,75.0,1.3196574066645206,7.0,2.135231316725979,97.35620703836439,2022-04-01
AMZN,Consumer Discretionary,9,22.22222222222222,-2.395307017323789,5.0,4.448398576512456,51.92202254035942,2022-04-01
ANET,Technology,14,42.857142857142854,-1.119583638275079,7.0,10.053380782918149,486.3740022805017,2022-04-01
AMD,Technology,17,47.05882352941176,-0.7209064905660534,7.0,12.01067615658363,469.5691527878349,2022-04-01
APP,Communication Services,34,79.41176470588235,7.935780093938593,12.0,30.071174377224196,465.65894279507603,2022-04-01
AVAV,Industrials,20,40.0,-2.1058831862391214,9.0,17.793594306049823,68.15144766146994,2022-04-01
AVGO,Technology,13,53.84615384615385,0.5347571590086586,5.0,8.09608540925267,497.98600443761734,2022-04-01
BIIB,Health Care,15,46.666666666666664,-0.30727562756229787,5.0,10.498220640569395,6.527365993693812,2022-04-01
BKR,Energy,17,47.05882352941176,-0.11723540162007495,5.0,6.850533807829182,72.66425557564797,2022-04-01
CDNS,Technology,6,83.33333333333334,2.9618017709085898,5.0,4.6263345195729535,95.15151515151514,2022-04-01
COIN,Financials,13,76.92307692307693,12.310570679320666,9.0,8.896797153024911,4.924681344148318,2022-04-01
CRM,Technology,5,60.0,2.3509683500832157,5.0,2.4021352313167257,14.254196642685857,2022-04-01
CRWV,Technology,0,,,,0.0,131.1025641025641,2025-03-28
CVLT,Technology,10,80.0,1.3168016539616412,7.5,7.6512455516014235,125.52999548940006,2022-04-01
DASH,Communication Services,26,53.84615384615385,0.5641970723044065,5.0,14.857651245551601,57.85353535353537,2022-04-01
ENPH,Technology,4,50.0,1.226165005916574,12.0,9.252669039145907,-83.67407849574691,2022-04-01
FIG,Technology,0,,,,0.0,-74.89411764705882,2025-07-31
FTNT,Technology,14,35.714285714285715,-1.8174163755430517,5.0,8.362989323843415,161.97947214076245,2022-04-01
GOOGL,Communication Services,23,60.86956521739131,0.5850773545873267,8.0,15.213523131672599,147.7458571531949,2022-04-01
GTLB,Technology,10,60.0,4.979440574752725,6.5,6.049822064056939,-10.657846380007364,2022-04-01
HAL,Energy,20,25.0,-2.9844011437536286,10.0,13.256227758007116,-5.427251732101624,2022-04-01
HIMS,Health Care,24,62.5,5.901393677355815,9.0,17.348754448398576,441.2199630314233,2022-04-01
HOOD,Financials,40,62.5,4.430802564728598,8.5,26.156583629893237,792.3190546528805,2022-04-01
INTU,Technology,2,100.0,1.8277263986805403,4.0,0.7117437722419928,-40.34313514444396,2022-04-01
IREN,Energy,13,76.92307692307693,12.208041227890432,10.0,8.362989323843415,192.82994923857868,2022-04-01
LRCX,Technology,10,60.0,0.5661801640429398,4.0,4.270462633451958,493.77537212449266,2022-04-01
MCK,Health Care,23,69.56521739130434,1.5611477778567417,9.0,21.530249110320284,190.07674341007674,2022-04-01
MRK,Health Care,23,78.26086956521739,1.73749779632133,9.0,21.352313167259787,105.98552338530065,2022-04-01
META,Communication Services,24,62.5,1.7636277872827844,10.0,19.661921708185055,249.60435212660735,2022-04-01
MRVL,Technology,13,69.23076923076923,7.585422232364714,9.0,8.007117437722421,265.80025427320237,2022-04-01
MSFT,Technology,3,100.0,0.3974955472060948,5.0,1.7793594306049825,67.05136377361023,2022-04-01
NFLX,Communication Services,26,50.0,-0.0940091601561277,6.0,15.836298932384341,90.33970276008492,2022-04-01
NOW,Technology,3,66.66666666666666,10.437902660284992,10.0,3.113879003558719,23.880597014925375,2022-04-01
NVDA,Technology,26,57.692307692307686,0.8747578298157643,8.0,16.63701067615658,723.8444607483492,2022-04-01
ORCL,Technology,9,77.77777777777779,1.2920030023874762,5.0,5.604982206405694,78.48554617549243,2022-04-01
PANW,Technology,10,70.0,2.0933320291265822,6.0,6.761565836298933,276.5523901496862,2022-04-01
RCL,Consumer Discretionary,17,58.82352941176471,1.1824299274660888,8.0,12.099644128113878,193.11909726481048,2022-04-01
REGN,Health Care,23,43.47826086956522,-0.11918399828388937,5.0,15.92526690391459,14.492420101832405,2022-04-01
SLB,Energy,13,53.84615384615385,4.35405350709186,10.0,11.476868327402135,38.40150699677074,2022-04-01
SNOW,Technology,7,57.14285714285714,0.7305841042903438,6.0,4.092526690391459,45.65435436745018,2022-04-01
TEAM,Technology,4,75.0,9.33045538992282,7.0,4.448398576512456,-35.154698178635144,2022-04-01
TSLA,Consumer Discretionary,14,64.28571428571429,2.494749113185013,12.5,11.654804270462634,4.8726344414229406,2022-04-01
UBER,Consumer Discretionary,14,21.428571428571427,-1.745870175929537,5.0,9.519572953736654,94.00224215246638,2022-04-01
UI,Technology,18,72.22222222222221,6.458711303665943,10.0,14.590747330960854,100.98151188521665,2022-04-01
UNH,Health Care,15,60.0,0.09994478745811719,10.0,13.078291814946619,-20.11885996677033,2022-04-01
UPST,Financials,11,72.72727272727273,14.40155006269066,15.0,11.743772241992882,-77.44828848617975,2022-04-01
VEEV,Technology,7,42.857142857142854,-3.7808256011247154,14.0,5.782918149466192,29.88657844990548,2022-04-01
VRT,Industrials,35,62.857142857142854,2.7093554219060456,7.0,26.156583629893237,1573.2605729877218,2022-04-01
ZS,Technology,14,57.14285714285714,0.6944911729786951,9.0,11.209964412811388,-10.566666666666668,2022-04-01
UMAC,Technology,7,28.57142857142857,-7.667390806732321,5.0,4.359430604982206,498.25,2024-02-14
NOC,Industrials,22,36.36363636363637,-1.3016519763792755,10.0,19.03914590747331,22.58375279978806,2022-04-01
LMT,Industrials,23,52.17391304347826,0.4661294542287697,5.0,12.455516014234876,33.34521566430719,2022-04-01
U,Technology,9,44.44444444444444,-3.311849440881698,10.0,6.227758007117438,-58.00466389536651,2022-04-01
CRCL,Technology,0,,,,0.0,34.78260869565217,2025-06-05
TWLO,Technology,12,50.0,0.20169773976070338,5.0,5.604982206405694,80.47458443748496,2022-04-01
ACHR,Industrials,17,47.05882352941176,-6.242126295940231,5.0,9.608540925266903,17.97520661157026,2022-04-01
ALAB,Technology,12,75.0,3.2274038097283797,9.0,6.227758007117438,585.9018264840182,2024-03-20
APLD,Technology,20,50.0,-0.29516781598237785,5.0,12.188612099644129,475.7446808510638,2022-04-13
ARM,Technology,8,62.5,2.8931311539312943,6.5,4.537366548042705,446.060606060606,2023-09-14
ASTS,Communication Services,19,63.1578947368421,4.475524475524484,5.0,13.434163701067616,505.75396825396825,2022-04-01
CIFR,Technology,24,45.83333333333333,-2.2889768313441303,5.0,15.658362989323843,395.8904109589041,2022-04-01
CVNA,Consumer Discretionary,16,81.25,5.81529632410589,14.5,19.839857651245552,167.75135586149358,2022-04-01
IONQ,Technology,20,80.0,6.163059428609685,7.0,12.811387900355871,250.31152647975077,2022-04-01
JOBY,Industrials,14,50.0,-0.057370592437633317,6.5,7.384341637010676,-6.528189910979232,2022-04-01
MARA,Technology,11,63.63636363636363,5.052841894947169,5.0,4.893238434163702,-53.625269203158645,2022-04-01
NVTS,Technology,18,61.111111111111114,1.8292799787590464,5.0,9.697508896797153,15.287244401168465,2022-04-01
RDDT,Communication Services,6,66.66666666666666,3.1797265776349004,11.5,4.893238434163702,224.93617021276594,2024-03-21
RKLB,Industrials,32,71.875,14.037918677001048,11.0,22.064056939501782,814.4099378881986,2022-04-01
SHOP,Consumer Discretionary,17,23.52941176470588,-1.7785507890450303,5.0,9.786476868327403,111.11111111111107,2022-04-01
SMCI,Technology,24,62.5,2.22696848862457,11.5,21.26334519572954,983.8120104438641,2022-04-01
SOUN,Technology,10,70.0,20.55073639232059,9.0,5.960854092526691,-30.045871559633042,2022-04-28
TEM,Health Care,5,40.0,-0.5494396122817324,5.0,3.469750889679715,105.60000000000001,2024-06-14
TTWO,Technology,4,25.0,-1.6344778058581255,17.5,4.359430604982206,31.985174588724874,2022-04-01
APA,Energy,22,45.45454545454545,-0.1427580053486477,9.5,17.17081850533808,21.94304857621441,2022-04-01
OXY,Energy,12,58.333333333333336,0.8925025278980647,12.0,11.921708185053381,9.528301886792455,2022-04-01
TRGP,Energy,31,51.61290322580645,0.1650144775086293,5.0,18.14946619217082,310.2434077079107,2022-04-01
DVN,Energy,16,56.25,2.337334016619308,5.0,10.409252669039146,0.16386726751331793,2022-04-01
FANG,Energy,16,50.0,-0.27014340076536025,5.0,11.832740213523131,68.69867904319884,2022-04-01
COF,Financials,11,54.54545454545454,0.2321953573965807,8.0,6.93950177935943,60.184129053283385,2022-04-01
C,Financials,18,61.111111111111114,1.142139764088479,5.5,10.142348754448399,188.68006993006992,2022-04-01
BE,Industrials,26,57.692307692307686,3.563430621879371,10.0,18.95017793594306,1003.683774834437,2022-04-01
BA,Industrials,7,28.57142857142857,-2.353727732941202,5.0,9.430604982206406,2.191297123273439,2022-04-01
URI,Industrials,23,56.52173913043478,0.4730706679950458,9.0,18.505338078291814,195.82754227472782,2022-04-01
PH,Industrials,15,40.0,-0.6788046632629663,5.0,7.918149466192171,259.6119799350841,2022-04-01
FCX,Materials,15,20.0,-4.089936983935827,8.0,12.277580071174377,54.017094017094024,2022-04-01
LYB,Materials,8,62.5,3.2072275223332003,17.0,9.430604982206406,-20.491478398731665,2022-04-01
CRDO,Technology,32,50.0,-0.4560567807293803,5.0,16.19217081850534,1186.736703873933,2022-04-01
NBIS,Technology,13,61.53846153846154,4.596888692431955,6.0,7.918149466192171,1603.8488453463963,2024-10-21
LITE,Technology,11,81.81818181818183,14.260285872814315,10.0,11.209964412811388,850.7163323782235,2022-04-01
CLS,Technology,35,42.857142857142854,-0.9761533682187129,9.0,23.398576512455517,3026.025104602511,2022-04-01
RBRK,Technology,4,25.0,-4.4622028218087255,7.5,4.715302491103203,194.81865284974091,2024-04-25
