Strategy,Period,Start,End,Total Return %,CAGR %,Sharpe,Max DD %,Trades,Win rate %,Median trade %,Median hold (sessions)
C6-U96-T20-MW30-E5,Walk-forward,2022-04-01,2026-09-24,346.3017930976987,39.84478541007621,1.288318948743421,-31.661666266558008,1442.0,55.338450802512206,0.8220448493486465,7.0
C6-U96-T20-MW30-E5,Never-seen 2022-04 → 2024-09,2022-04-01,2024-09-16,36.48845368169618,13.547332782919131,0.6358570227893771,-29.10607975366679,,,,
C6-U96-T20-MW30-E5,Last 2 years,2024-09-24,2026-09-24,211.32349796679523,76.84323242630553,1.8382891995473485,-31.661666266558008,,,,
C6-U96-T20-MW30-E5,Last 1 year,2025-09-24,2026-09-24,47.34235160287719,47.34235160287719,1.3236965768754254,-23.25967327748949,,,,
QQQ buy & hold,Walk-forward,2022-04-01,2026-09-24,110.10262794700054,18.110609144719515,0.8458092300026582,-29.073268651722984,,,,
QQQ buy & hold,Never-seen 2022-04 → 2024-09,2022-04-01,2024-09-16,32.63313110069455,12.226263867423338,0.6074000946051937,-29.073268651722984,,,,
QQQ buy & hold,Last 2 years,2024-09-24,2026-09-24,54.23196187384241,24.297398999231845,1.1091530895226516,-22.769075479457168,,,,
QQQ buy & hold,Last 1 year,2025-09-24,2026-09-24,24.909406549695802,24.909406549695802,1.2177768488792244,-11.964285714285694,,,,
SPY buy & hold,Walk-forward,2022-04-01,2026-09-24,79.58469114829686,14.026816321021496,0.8530171227700867,-21.285402036925085,,,,
SPY buy & hold,Never-seen 2022-04 → 2024-09,2022-04-01,2024-09-16,28.381120484595467,10.742646802458754,0.6676150318966906,-21.285402036925085,,,,
SPY buy & hold,Last 2 years,2024-09-24,2026-09-24,37.39142892960117,17.288286124886334,1.047753150425328,-18.754263088722144,,,,
SPY buy & hold,Last 1 year,2025-09-24,2026-09-24,17.30401675815354,17.30401675815354,1.2965029002000465,-8.880258524497542,,,,
Variant: earnings_sell_fraction=None,Walk-forward,2022-04-01,2026-09-24,397.59211375696975,43.29747574920697,1.346398470110284,-31.62072399239474,1396.0,55.15501081470801,0.80596691193211,7.0
Variant: earnings_sell_fraction=None,Never-seen 2022-04 → 2024-09,2022-04-01,2024-09-16,36.48845368169618,13.547332782919131,0.6358570227893771,-29.10607975366679,,,,
Variant: earnings_sell_fraction=None,Last 2 years,2024-09-24,2026-09-24,247.10171415690442,86.76908292129262,1.9369958776228668,-31.62072399239474,,,,
Variant: earnings_sell_fraction=None,Last 1 year,2025-09-24,2026-09-24,56.78767181919573,56.78767181919573,1.4626513737702558,-22.960797984432624,,,,
