Date,Symbol,Rank,combined_signal
2026-08-13,NVDA,1,64.91
2026-08-13,MRK,2,50.07
2026-08-13,REGN,3,47.78
2026-08-13,VEEV,4,46.75
2026-08-13,GTLB,5,45.93
2026-08-13,MSFT,6,45.89
2026-08-13,LRCX,7,44.77
2026-08-13,ANET,8,44.68
2026-08-13,FTNT,9,44.14
2026-08-13,TEAM,10,44.13
2026-08-13,ZS,11,43.01
2026-08-13,TWLO,12,42.95
2026-08-13,DASH,13,42.87
2026-08-13,ADBE,14,41.86
2026-08-13,QQQ,15,40.93
2026-08-13,NOW,16,40.62
2026-08-13,U,17,40.16
2026-08-13,CRM,18,38.91
2026-08-13,PANW,19,38.76
2026-08-13,CVLT,20,37.85
2026-08-13,UBER,21,34.09
2026-08-13,BIIB,22,33.84
2026-08-13,MU,23,33.45
2026-08-13,INTU,24,32.71
2026-08-13,MDB,25,31.75
2026-08-13,UI,26,29.69
2026-08-13,FIG,27,29.44
2026-08-13,SNOW,28,28.23
2026-08-13,UMAC,29,28.0
2026-08-13,LMT,30,27.69
2026-08-13,SOFI,31,26.52
2026-08-13,MRVL,32,25.81
2026-08-13,META,33,25.52
2026-08-13,SLB,34,25.06
2026-08-13,AVGO,35,24.59
2026-08-13,AAPL,36,20.99
2026-08-13,ORCL,37,20.21
2026-08-13,AFRM,38,19.38
2026-08-13,CRWV,39,19.19
2026-08-13,HOOD,40,18.89
2026-08-13,NOC,41,18.6
2026-08-13,VRT,42,16.76
2026-08-13,AMZN,43,15.47
2026-08-13,RCL,44,15.34
2026-08-13,BKR,45,10.39
2026-08-13,MCK,46,10.27
2026-08-13,AVAV,47,10.13
2026-08-13,UNH,48,9.58
2026-08-13,AMD,49,7.11
2026-08-13,GOOGL,50,6.44
2026-08-13,ENPH,51,4.73
2026-08-13,NFLX,52,3.02
2026-08-13,UPST,53,-1.54
2026-08-13,IREN,54,-1.6
2026-08-13,HAL,55,-5.14
2026-08-13,CDNS,56,-7.07
2026-08-13,CRCL,57,-8.49
2026-08-13,COIN,58,-16.19
2026-08-13,TSLA,59,-17.63
2026-08-13,HIMS,60,-23.14
2026-08-13,APP,61,-32.98
2026-08-14,NVDA,1,64.91
2026-08-14,MSFT,2,48.72
2026-08-14,REGN,3,47.78
2026-08-14,TEAM,4,44.13
2026-08-14,DASH,5,42.87
2026-08-14,CVLT,6,42.79
2026-08-14,MCK,7,42.75
2026-08-14,TWLO,8,42.24
2026-08-14,MRK,9,41.6
2026-08-14,QQQ,10,40.93
2026-08-14,MU,11,40.51
2026-08-14,GTLB,12,40.29
2026-08-14,U,13,40.16
2026-08-14,VEEV,14,39.69
2026-08-14,ANET,15,39.03
2026-08-14,AMD,16,37.46
2026-08-14,NOC,17,36.96
2026-08-14,UBER,18,34.09
2026-08-14,BIIB,19,33.84
2026-08-14,AAPL,20,33.69
2026-08-14,FIG,21,32.96
2026-08-14,INTU,22,32.71
2026-08-14,LRCX,23,32.07
2026-08-14,ADBE,24,31.97
2026-08-14,PANW,25,31.7
2026-08-14,CRM,26,31.15
2026-08-14,SOFI,27,30.05
2026-08-14,VRT,28,28.05
2026-08-14,NOW,29,27.92
2026-08-14,LMT,30,27.69
2026-08-14,MDB,31,26.1
2026-08-14,MRVL,32,25.81
2026-08-14,FTNT,33,25.78
2026-08-14,AFRM,34,25.03
2026-08-14,ZS,35,24.66
2026-08-14,UI,36,22.63
2026-08-14,UMAC,37,22.35
2026-08-14,RCL,38,20.98
2026-08-14,SLB,39,20.12
2026-08-14,BKR,40,17.45
2026-08-14,AVAV,41,17.19
2026-08-14,CRWV,42,16.36
2026-08-14,UNH,43,15.22
2026-08-14,META,44,14.94
2026-08-14,HAL,45,14.63
2026-08-14,SNOW,46,14.12
2026-08-14,AMZN,47,9.83
2026-08-14,NFLX,48,8.67
2026-08-14,HOOD,49,4.06
2026-08-14,CRCL,50,2.81
2026-08-14,ORCL,51,1.15
2026-08-14,CDNS,52,-1.43
2026-08-14,IREN,53,-1.6
2026-08-14,GOOGL,54,-2.03
2026-08-14,UPST,55,-3.66
2026-08-14,AVGO,56,-12.12
2026-08-14,ENPH,57,-12.92
2026-08-14,HIMS,58,-14.67
2026-08-14,TSLA,59,-17.63
2026-08-14,APP,60,-20.28
2026-08-14,COIN,61,-33.84
2026-08-17,NVDA,1,52.2
2026-08-17,REGN,2,47.78
2026-08-17,LRCX,3,46.19
2026-08-17,MU,4,46.15
2026-08-17,MRK,5,41.6
2026-08-17,DASH,6,40.75
2026-08-17,VEEV,7,39.69
2026-08-17,ANET,8,39.03
2026-08-17,TWLO,9,38.01
2026-08-17,UBER,10,37.62
2026-08-17,GTLB,11,33.23
2026-08-17,U,12,33.1
2026-08-17,BIIB,13,31.72
2026-08-17,TEAM,14,31.43
2026-08-17,ZS,15,31.01
2026-08-17,INTU,16,30.59
2026-08-17,SOFI,17,30.05
2026-08-17,UI,18,29.69
2026-08-17,MSFT,19,28.95
2026-08-17,BKR,20,28.74
2026-08-17,UMAC,21,28.0
2026-08-17,QQQ,22,26.1
2026-08-17,MRVL,23,25.81
2026-08-17,MCK,24,25.8
2026-08-17,PANW,25,24.64
2026-08-17,CVLT,26,24.43
2026-08-17,LMT,27,21.33
2026-08-17,FIG,28,20.96
2026-08-17,HAL,29,20.27
2026-08-17,SLB,30,20.12
2026-08-17,SNOW,31,19.76
2026-08-17,AAPL,32,19.57
2026-08-17,NOC,33,19.31
2026-08-17,MDB,34,19.04
2026-08-17,CRWV,35,17.77
2026-08-17,NOW,36,17.33
2026-08-17,CRM,37,17.03
2026-08-17,ADBE,38,16.44
2026-08-17,VRT,39,15.34
2026-08-17,FTNT,40,14.49
2026-08-17,AMD,41,14.16
2026-08-17,RCL,42,9.69
2026-08-17,UNH,43,9.58
2026-08-17,AVAV,44,8.72
2026-08-17,NFLX,45,6.55
2026-08-17,GOOGL,46,6.44
2026-08-17,HOOD,47,4.06
2026-08-17,IREN,48,3.34
2026-08-17,AMZN,49,1.36
2026-08-17,CDNS,50,-1.43
2026-08-17,CRCL,51,-2.84
2026-08-17,ORCL,52,-8.02
2026-08-17,META,53,-9.77
2026-08-17,AFRM,54,-10.27
2026-08-17,UPST,55,-14.25
2026-08-17,HIMS,56,-14.67
2026-08-17,TSLA,57,-17.63
2026-08-17,AVGO,58,-20.59
2026-08-17,ENPH,59,-23.51
2026-08-17,APP,60,-27.33
2026-08-17,COIN,61,-29.61
2026-08-18,NVDA,1,45.85
2026-08-18,MCK,2,44.16
2026-08-18,TWLO,3,42.95
2026-08-18,DASH,4,42.87
2026-08-18,REGN,5,42.84
2026-08-18,MRK,6,41.6
2026-08-18,VEEV,7,41.1
2026-08-18,U,8,40.16
2026-08-18,TEAM,9,38.49
2026-08-18,INTU,10,38.35
2026-08-18,ZS,11,38.07
2026-08-18,AAPL,12,37.93
2026-08-18,NOC,13,36.96
2026-08-18,FIG,14,35.08
2026-08-18,MU,15,34.86
2026-08-18,CRM,16,34.68
2026-08-18,BIIB,17,33.84
2026-08-18,ADBE,18,33.39
2026-08-18,GTLB,19,33.23
2026-08-18,UBER,20,27.74
2026-08-18,LMT,21,27.69
2026-08-18,CVLT,22,26.55
2026-08-18,LRCX,23,26.42
2026-08-18,FTNT,24,25.78
2026-08-18,ANET,25,25.62
2026-08-18,SLB,26,25.06
2026-08-18,PANW,27,24.64
2026-08-18,UI,28,24.04
2026-08-18,BKR,29,21.68
2026-08-18,UMAC,30,20.94
2026-08-18,MSFT,31,20.48
2026-08-18,HAL,32,20.27
2026-08-18,MDB,33,19.04
2026-08-18,QQQ,34,14.81
2026-08-18,NOW,35,13.09
2026-08-18,SOFI,36,11.7
2026-08-18,RCL,37,9.69
2026-08-18,UNH,38,9.58
2026-08-18,NFLX,39,8.67
2026-08-18,MRVL,40,6.75
2026-08-18,AMZN,41,5.59
2026-08-18,CRWV,42,3.66
2026-08-18,AVAV,43,3.07
2026-08-18,SNOW,44,-0.71
2026-08-18,META,45,-1.3
2026-08-18,GOOGL,46,-1.32
2026-08-18,ORCL,47,-6.61
2026-08-18,CDNS,48,-7.07
2026-08-18,CRCL,49,-8.49
2026-08-18,IREN,50,-9.36
2026-08-18,AMD,51,-9.84
2026-08-18,VRT,52,-14.3
2026-08-18,AVGO,53,-16.36
2026-08-18,HIMS,54,-25.96
2026-08-18,HOOD,55,-27.0
2026-08-18,AFRM,56,-29.33
2026-08-18,UPST,57,-29.78
2026-08-18,TSLA,58,-30.33
2026-08-18,ENPH,59,-30.56
2026-08-18,APP,60,-32.98
2026-08-18,COIN,61,-41.61
2026-08-19,FIG,1,49.2
2026-08-19,ADBE,2,47.5
2026-08-19,VEEV,3,46.75
2026-08-19,GTLB,4,45.93
2026-08-19,CRM,5,44.56
2026-08-19,TEAM,6,44.13
2026-08-19,AAPL,7,42.87
2026-08-19,DASH,8,42.87
2026-08-19,MSFT,9,41.66
2026-08-19,MRK,10,40.89
2026-08-19,NOW,11,40.62
2026-08-19,U,12,40.16
2026-08-19,BIIB,13,38.78
2026-08-19,INTU,14,38.35
2026-08-19,NVDA,15,38.09
2026-08-19,REGN,16,37.19
2026-08-19,UBER,17,36.21
2026-08-19,UI,18,35.34
2026-08-19,MU,19,34.86
2026-08-19,MRVL,20,32.87
2026-08-19,SOFI,21,32.17
2026-08-19,ZS,22,31.01
2026-08-19,TWLO,23,30.24
2026-08-19,NOC,24,29.19
2026-08-19,AFRM,25,27.85
2026-08-19,HAL,26,27.33
2026-08-19,MDB,27,26.1
2026-08-19,UMAC,28,25.88
2026-08-19,SLB,29,25.77
2026-08-19,MCK,30,21.57
2026-08-19,FTNT,31,20.14
2026-08-19,BKR,32,19.57
2026-08-19,QQQ,33,16.22
2026-08-19,SNOW,34,14.82
2026-08-19,NFLX,35,14.31
2026-08-19,ANET,36,11.5
2026-08-19,PANW,37,10.52
2026-08-19,RCL,38,9.69
2026-08-19,AMZN,39,7.71
2026-08-19,HIMS,40,6.51
2026-08-19,LRCX,41,5.95
2026-08-19,UNH,42,4.64
2026-08-19,IREN,43,4.05
2026-08-19,AVAV,44,3.07
2026-08-19,CVLT,45,2.55
2026-08-19,COIN,46,2.16
2026-08-19,LMT,47,-0.55
2026-08-19,UPST,48,-1.54
2026-08-19,GOOGL,49,-2.73
2026-08-19,CRCL,50,-2.84
2026-08-19,AMD,51,-6.31
2026-08-19,ORCL,52,-6.61
2026-08-19,META,53,-6.95
2026-08-19,CDNS,54,-7.07
2026-08-19,HOOD,55,-7.23
2026-08-19,VRT,56,-12.89
2026-08-19,TSLA,57,-14.8
2026-08-19,CRWV,58,-16.81
2026-08-19,AVGO,59,-23.41
2026-08-19,ENPH,60,-23.51
2026-08-19,APP,61,-25.92
2026-08-20,ADBE,1,55.97
2026-08-20,FIG,2,48.49
2026-08-20,VEEV,3,46.75
2026-08-20,MRK,4,46.54
2026-08-20,GTLB,5,45.93
2026-08-20,NVDA,6,45.15
2026-08-20,CRM,7,44.56
2026-08-20,DASH,8,42.87
2026-08-20,REGN,9,42.84
2026-08-20,UBER,10,41.86
2026-08-20,MSFT,11,41.66
2026-08-20,NOW,12,40.62
2026-08-20,TEAM,13,39.9
2026-08-20,INTU,14,38.35
2026-08-20,AAPL,15,36.52
2026-08-20,MU,16,36.27
2026-08-20,BIIB,17,33.84
2026-08-20,U,18,33.1
2026-08-20,MRVL,19,32.16
2026-08-20,HAL,20,27.33
2026-08-20,HIMS,21,26.27
2026-08-20,SLB,22,25.77
2026-08-20,UI,23,24.04
2026-08-20,MDB,24,22.57
2026-08-20,TWLO,25,21.77
2026-08-20,LMT,26,21.33
2026-08-20,FTNT,27,20.14
2026-08-20,ZS,28,16.19
2026-08-20,ANET,29,15.74
2026-08-20,PANW,30,14.76
2026-08-20,NFLX,31,14.31
2026-08-20,UMAC,32,13.88
2026-08-20,SOFI,33,12.4
2026-08-20,NOC,34,11.55
2026-08-20,AMZN,35,11.24
2026-08-20,MCK,36,9.57
2026-08-20,BKR,37,8.98
2026-08-20,LRCX,38,5.95
2026-08-20,QQQ,39,4.93
2026-08-20,GOOGL,40,2.91
2026-08-20,SNOW,41,2.12
2026-08-20,UNH,42,-1.01
2026-08-20,META,43,-1.3
2026-08-20,CVLT,44,-4.51
2026-08-20,COIN,45,-6.31
2026-08-20,ORCL,46,-6.61
2026-08-20,CDNS,47,-7.07
2026-08-20,RCL,48,-7.96
2026-08-20,CRCL,49,-8.49
2026-08-20,IREN,50,-9.36
2026-08-20,VRT,51,-12.89
2026-08-20,AMD,52,-14.78
2026-08-20,HOOD,53,-15.0
2026-08-20,TSLA,54,-19.04
2026-08-20,AFRM,55,-19.44
2026-08-20,AVAV,56,-20.93
2026-08-20,CRWV,57,-21.05
2026-08-20,AVGO,58,-23.41
2026-08-20,UPST,59,-29.78
2026-08-20,ENPH,60,-31.27
2026-08-20,APP,61,-32.98
2026-08-21,MRK,1,50.77
2026-08-21,FIG,2,48.49
2026-08-21,ADBE,3,47.5
2026-08-21,MSFT,4,47.3
2026-08-21,CRM,5,44.56
2026-08-21,DASH,6,42.87
2026-08-21,REGN,7,42.84
2026-08-21,UBER,8,41.86
2026-08-21,NOW,9,40.62
2026-08-21,U,10,40.16
2026-08-21,INTU,11,38.35
2026-08-21,NVDA,12,36.67
2026-08-21,VEEV,13,34.04
2026-08-21,GTLB,14,33.93
2026-08-21,BIIB,15,33.84
2026-08-21,MRVL,16,32.87
2026-08-21,TEAM,17,32.84
2026-08-21,SOFI,18,32.17
2026-08-21,AAPL,19,30.87
2026-08-21,ZS,20,30.31
2026-08-21,TWLO,21,30.24
2026-08-21,MU,22,29.21
2026-08-21,HIMS,23,28.39
2026-08-21,SNOW,24,26.12
2026-08-21,MCK,25,23.69
2026-08-21,SLB,26,23.65
2026-08-21,MDB,27,23.28
2026-08-21,HAL,28,20.27
2026-08-21,ANET,29,19.97
2026-08-21,AFRM,30,19.38
2026-08-21,PANW,31,18.99
2026-08-21,LMT,32,17.1
2026-08-21,GOOGL,33,16.33
2026-08-21,LRCX,34,15.83
2026-08-21,UMAC,35,13.88
2026-08-21,FTNT,36,13.08
2026-08-21,HOOD,37,10.41
2026-08-21,CRCL,38,9.87
2026-08-21,UPST,39,9.75
2026-08-21,NFLX,40,8.67
2026-08-21,AMZN,41,7.0
2026-08-21,ORCL,42,6.09
2026-08-21,META,43,4.35
2026-08-21,RCL,44,4.04
2026-08-21,CVLT,45,3.96
2026-08-21,UNH,46,3.93
2026-08-21,QQQ,47,1.4
2026-08-21,BKR,48,0.51
2026-08-21,UI,49,-0.66
2026-08-21,AMD,50,-0.66
2026-08-21,CDNS,51,-0.72
2026-08-21,NOC,52,-1.16
2026-08-21,COIN,53,-7.02
2026-08-21,VRT,54,-7.24
2026-08-21,TSLA,55,-7.75
2026-08-21,AVGO,56,-10.0
2026-08-21,IREN,57,-10.07
2026-08-21,AVAV,58,-12.46
2026-08-21,ENPH,59,-19.98
2026-08-21,CRWV,60,-21.05
2026-08-21,APP,61,-32.98
2026-08-24,MSFT,1,49.42
2026-08-24,FIG,2,48.49
2026-08-24,MCK,3,48.39
2026-08-24,ADBE,4,47.5
2026-08-24,UBER,5,41.86
2026-08-24,CRM,6,38.91
2026-08-24,BIIB,7,38.78
2026-08-24,INTU,8,38.35
2026-08-24,GTLB,9,38.17
2026-08-24,MRK,10,38.07
2026-08-24,REGN,11,37.9
2026-08-24,DASH,12,37.22
2026-08-24,NOW,13,34.98
2026-08-24,VEEV,14,34.04
2026-08-24,AAPL,15,30.87
2026-08-24,TWLO,16,30.24
2026-08-24,GOOGL,17,29.74
2026-08-24,TEAM,18,27.19
2026-08-24,SLB,19,25.77
2026-08-24,ANET,20,25.62
2026-08-24,U,21,25.33
2026-08-24,NVDA,22,24.67
2026-08-24,SOFI,23,24.4
2026-08-24,MRVL,24,23.69
2026-08-24,HOOD,25,23.12
2026-08-24,LRCX,26,21.48
2026-08-24,PANW,27,20.4
2026-08-24,HAL,28,19.57
2026-08-24,LMT,29,17.1
2026-08-24,UNH,30,15.93
2026-08-24,CRCL,31,15.51
2026-08-24,MU,32,15.1
2026-08-24,AFRM,33,13.73
2026-08-24,AMZN,34,13.36
2026-08-24,FTNT,35,13.08
2026-08-24,NOC,36,12.96
2026-08-24,HIMS,37,12.15
2026-08-24,RCL,38,11.1
2026-08-24,UMAC,39,11.06
2026-08-24,QQQ,40,10.57
2026-08-24,SNOW,41,9.17
2026-08-24,NFLX,42,8.67
2026-08-24,MDB,43,8.45
2026-08-24,COIN,44,5.69
2026-08-24,META,45,4.35
2026-08-24,CVLT,46,3.96
2026-08-24,BKR,47,3.33
2026-08-24,ZS,48,2.07
2026-08-24,AMD,49,-0.66
2026-08-24,ORCL,50,-0.97
2026-08-24,CDNS,51,-2.84
2026-08-24,UI,52,-3.49
2026-08-24,AVAV,53,-6.81
2026-08-24,TSLA,54,-7.75
2026-08-24,UPST,55,-13.54
2026-08-24,IREN,56,-19.95
2026-08-24,VRT,57,-20.66
2026-08-24,AVGO,58,-24.83
2026-08-24,CRWV,59,-28.81
2026-08-24,ENPH,60,-32.68
2026-08-24,APP,61,-32.98
2026-08-25,MSFT,1,60.01
2026-08-25,ADBE,2,53.15
2026-08-25,REGN,3,50.6
2026-08-25,MRK,4,45.83
2026-08-25,MCK,5,45.57
2026-08-25,FIG,6,42.85
2026-08-25,UBER,7,41.86
2026-08-25,NVDA,8,41.62
2026-08-25,CRM,9,38.91
2026-08-25,BIIB,10,38.78
2026-08-25,DASH,11,37.22
2026-08-25,TWLO,12,35.89
2026-08-25,NOW,13,34.98
2026-08-25,CDNS,14,33.16
2026-08-25,HOOD,15,32.3
2026-08-25,SOFI,16,32.17
2026-08-25,ANET,17,31.27
2026-08-25,AAPL,18,30.87
2026-08-25,INTU,19,30.59
2026-08-25,UI,20,28.28
2026-08-25,MRVL,21,27.22
2026-08-25,AFRM,22,26.44
2026-08-25,MU,23,26.39
2026-08-25,GTLB,24,25.46
2026-08-25,TEAM,25,25.07
2026-08-25,VEEV,26,23.46
2026-08-25,MDB,27,22.57
2026-08-25,LRCX,28,20.07
2026-08-25,NFLX,29,19.96
2026-08-25,UMAC,30,19.53
2026-08-25,SLB,31,19.41
2026-08-25,FTNT,32,18.72
2026-08-25,HIMS,33,16.39
2026-08-25,QQQ,34,16.22
2026-08-25,UNH,35,15.93
2026-08-25,CRCL,36,15.51
2026-08-25,GOOGL,37,13.5
2026-08-25,AMZN,38,13.36
2026-08-25,LMT,39,12.86
2026-08-25,COIN,40,11.34
2026-08-25,ZS,41,10.54
2026-08-25,UPST,42,9.75
2026-08-25,CVLT,43,9.61
2026-08-25,SNOW,44,9.17
2026-08-25,PANW,45,9.11
2026-08-25,META,46,5.05
2026-08-25,U,47,4.86
2026-08-25,RCL,48,4.04
2026-08-25,BKR,49,3.33
2026-08-25,NOC,50,1.66
2026-08-25,AMD,51,1.46
2026-08-25,ORCL,52,-0.97
2026-08-25,TSLA,53,-2.1
2026-08-25,AVAV,54,-6.81
2026-08-25,IREN,55,-10.07
2026-08-25,APP,56,-11.1
2026-08-25,VRT,57,-12.19
2026-08-25,HAL,58,-12.2
2026-08-25,CRWV,59,-15.4
2026-08-25,AVGO,60,-30.47
2026-08-25,ENPH,61,-35.51
2026-08-26,MSFT,1,62.13
2026-08-26,MCK,2,58.98
2026-08-26,ANET,3,50.33
2026-08-26,AAPL,4,47.1
2026-08-26,UI,5,43.81
2026-08-26,UBER,6,41.86
2026-08-26,ADBE,7,39.03
2026-08-26,CRM,8,38.91
2026-08-26,BIIB,9,38.78
2026-08-26,FTNT,10,38.49
2026-08-26,MRK,11,38.07
2026-08-26,TWLO,12,38.01
2026-08-26,MRVL,13,37.81
2026-08-26,DASH,14,37.22
2026-08-26,FIG,15,37.2
2026-08-26,VEEV,16,34.75
2026-08-26,NVDA,17,34.56
2026-08-26,MU,18,32.04
2026-08-26,ORCL,19,30.8
2026-08-26,REGN,20,30.13
2026-08-26,SOFI,21,26.52
2026-08-26,GTLB,22,26.17
2026-08-26,TEAM,23,25.07
2026-08-26,CDNS,24,24.69
2026-08-26,NOW,25,24.39
2026-08-26,UNH,26,23.69
2026-08-26,SLB,27,23.65
2026-08-26,MDB,28,22.57
2026-08-26,HOOD,29,21.71
2026-08-26,META,30,21.29
2026-08-26,U,31,20.39
2026-08-26,NFLX,32,19.96
2026-08-26,LMT,33,18.51
2026-08-26,QQQ,34,18.34
2026-08-26,CRCL,35,15.51
2026-08-26,HAL,36,15.33
2026-08-26,UMAC,37,15.29
2026-08-26,SNOW,38,14.82
2026-08-26,AMZN,39,13.36
2026-08-26,NOC,40,12.96
2026-08-26,ZS,41,10.54
2026-08-26,LRCX,42,10.19
2026-08-26,INTU,43,10.12
2026-08-26,PANW,44,9.11
2026-08-26,BKR,45,8.98
2026-08-26,AFRM,46,7.38
2026-08-26,AMD,47,7.11
2026-08-26,UPST,48,4.11
2026-08-26,CVLT,49,3.96
2026-08-26,GOOGL,50,-0.62
2026-08-26,COIN,51,-1.37
2026-08-26,VRT,52,-1.6
2026-08-26,AVAV,53,-6.81
2026-08-26,RCL,54,-7.25
2026-08-26,HIMS,55,-12.55
2026-08-26,TSLA,56,-14.1
2026-08-26,ENPH,57,-16.45
2026-08-26,CRWV,58,-21.05
2026-08-26,IREN,59,-25.6
2026-08-26,AVGO,60,-30.47
2026-08-26,APP,61,-30.86
2026-08-27,NVDA,1,65.62
2026-08-27,MSFT,2,62.13
2026-08-27,FTNT,3,56.14
2026-08-27,TWLO,4,55.65
2026-08-27,NOW,5,54.03
2026-08-27,ANET,6,50.33
2026-08-27,ADBE,7,50.33
2026-08-27,VEEV,8,49.57
2026-08-27,CRM,9,46.68
2026-08-27,GTLB,10,45.93
2026-08-27,MCK,11,44.86
2026-08-27,QQQ,12,44.46
2026-08-27,DASH,13,42.87
2026-08-27,AAPL,14,42.87
2026-08-27,CVLT,15,39.26
2026-08-27,BIIB,16,38.78
2026-08-27,CDNS,17,38.1
2026-08-27,ZS,18,38.07
2026-08-27,MRK,19,38.07
2026-08-27,MDB,20,37.39
2026-08-27,FIG,21,37.2
2026-08-27,REGN,22,35.78
2026-08-27,UI,23,35.34
2026-08-27,PANW,24,34.52
2026-08-27,TEAM,25,34.25
2026-08-27,MRVL,26,32.87
2026-08-27,HOOD,27,32.3
2026-08-27,SOFI,28,32.17
2026-08-27,ORCL,29,30.8
2026-08-27,SNOW,30,28.94
2026-08-27,LRCX,31,27.13
2026-08-27,U,32,25.33
2026-08-27,UBER,33,24.21
2026-08-27,HIMS,34,23.45
2026-08-27,HAL,35,23.1
2026-08-27,MU,36,20.74
2026-08-27,SLB,37,20.12
2026-08-27,AFRM,38,19.38
2026-08-27,UNH,39,18.75
2026-08-27,INTU,40,18.59
2026-08-27,LMT,41,18.51
2026-08-27,CRCL,42,16.22
2026-08-27,UMAC,43,13.88
2026-08-27,META,44,12.82
2026-08-27,NFLX,45,12.2
2026-08-27,AMZN,46,11.94
2026-08-27,COIN,47,11.34
2026-08-27,AMD,48,9.93
2026-08-27,BKR,49,8.98
2026-08-27,VRT,50,4.76
2026-08-27,NOC,51,1.66
2026-08-27,AVAV,52,0.25
2026-08-27,TSLA,53,-2.1
2026-08-27,GOOGL,54,-2.73
2026-08-27,UPST,55,-3.66
2026-08-27,AVGO,56,-9.3
2026-08-27,IREN,57,-10.07
2026-08-27,APP,58,-13.22
2026-08-27,ENPH,59,-14.33
2026-08-27,RCL,60,-15.02
2026-08-27,CRWV,61,-15.4
2026-08-28,TWLO,1,60.6
2026-08-28,MSFT,2,57.19
2026-08-28,GTLB,3,54.4
2026-08-28,UBER,4,49.62
2026-08-28,NVDA,5,49.38
2026-08-28,FTNT,6,48.37
2026-08-28,ADBE,7,47.5
2026-08-28,VEEV,8,46.75
2026-08-28,CRM,9,46.68
2026-08-28,MCK,10,44.86
2026-08-28,ZS,11,43.72
2026-08-28,MRK,12,43.01
2026-08-28,DASH,13,42.87
2026-08-28,AAPL,14,41.46
2026-08-28,REGN,15,41.43
2026-08-28,NOW,16,40.62
2026-08-28,PANW,17,39.46
2026-08-28,TEAM,18,39.19
2026-08-28,MDB,19,37.39
2026-08-28,FIG,20,37.2
2026-08-28,BIIB,21,36.66
2026-08-28,INTU,22,36.24
2026-08-28,UI,23,35.34
2026-08-28,QQQ,24,31.75
2026-08-28,ANET,25,31.27
2026-08-28,ORCL,26,30.8
2026-08-28,SNOW,27,28.94
2026-08-28,HOOD,28,27.36
2026-08-28,HAL,29,27.33
2026-08-28,CDNS,30,25.4
2026-08-28,AMZN,31,25.36
2026-08-28,U,32,25.33
2026-08-28,BKR,33,22.39
2026-08-28,GOOGL,34,20.56
2026-08-28,CVLT,35,20.2
2026-08-28,SLB,36,20.12
2026-08-28,AFRM,37,19.38
2026-08-28,META,38,17.05
2026-08-28,CRCL,39,15.51
2026-08-28,MU,40,15.1
2026-08-28,NFLX,41,14.31
2026-08-28,SOFI,42,12.4
2026-08-28,LMT,43,11.45
2026-08-28,UMAC,44,11.06
2026-08-28,NOC,45,7.31
2026-08-28,UNH,46,6.05
2026-08-28,MRVL,47,6.04
2026-08-28,COIN,48,5.69
2026-08-28,LRCX,49,-2.52
2026-08-28,TSLA,50,-4.22
2026-08-28,VRT,51,-6.54
2026-08-28,AVGO,52,-9.3
2026-08-28,APP,53,-13.22
2026-08-28,HIMS,54,-13.26
2026-08-28,AVAV,55,-13.87
2026-08-28,AMD,56,-14.78
2026-08-28,RCL,57,-15.02
2026-08-28,ENPH,58,-27.04
2026-08-28,UPST,59,-27.66
2026-08-28,CRWV,60,-28.81
2026-08-28,IREN,61,-36.89
2026-08-31,NVDA,1,62.79
2026-08-31,MSFT,2,62.13
2026-08-31,FTNT,3,60.37
2026-08-31,CRM,4,56.56
2026-08-31,ADBE,5,55.27
2026-08-31,TWLO,6,54.95
2026-08-31,ZS,7,48.66
2026-08-31,GTLB,8,45.93
2026-08-31,VEEV,9,45.34
2026-08-31,NOW,10,44.86
2026-08-31,MCK,11,44.86
2026-08-31,TEAM,12,44.84
2026-08-31,PANW,13,44.4
2026-08-31,INTU,14,41.88
2026-08-31,MDB,15,37.39
2026-08-31,AAPL,16,37.22
2026-08-31,FIG,17,36.49
2026-08-31,REGN,18,35.78
2026-08-31,UI,19,35.34
2026-08-31,SNOW,20,34.59
2026-08-31,BKR,21,34.39
2026-08-31,ANET,22,34.09
2026-08-31,HOOD,23,33.0
2026-08-31,HAL,24,32.98
2026-08-31,QQQ,25,31.75
2026-08-31,MRK,26,31.71
2026-08-31,U,27,30.98
2026-08-31,DASH,28,30.17
2026-08-31,MU,29,29.21
2026-08-31,ORCL,30,25.15
2026-08-31,BIIB,31,21.84
2026-08-31,SLB,32,20.12
2026-08-31,CDNS,33,19.75
2026-08-31,CVLT,34,19.49
2026-08-31,UBER,35,19.27
2026-08-31,CRCL,36,16.22
2026-08-31,UMAC,37,16.0
2026-08-31,NFLX,38,12.2
2026-08-31,COIN,39,11.34
2026-08-31,TSLA,40,9.9
2026-08-31,AMZN,41,9.12
2026-08-31,META,42,7.17
2026-08-31,LRCX,43,5.95
2026-08-31,HIMS,44,5.8
2026-08-31,LMT,45,5.8
2026-08-31,NOC,46,1.66
2026-08-31,AVGO,47,-1.53
2026-08-31,GOOGL,48,-2.73
2026-08-31,AMD,49,-4.19
2026-08-31,MRVL,50,-5.25
2026-08-31,VRT,51,-6.54
2026-08-31,UNH,52,-7.36
2026-08-31,SOFI,53,-7.36
2026-08-31,AVAV,54,-8.22
2026-08-31,RCL,55,-9.37
2026-08-31,AFRM,56,-12.38
2026-08-31,APP,57,-15.33
2026-08-31,IREN,58,-25.6
2026-08-31,CRWV,59,-28.81
2026-08-31,UPST,60,-40.37
2026-08-31,ENPH,61,-41.15
2026-09-01,CRM,1,56.56
2026-09-01,MSFT,2,56.48
2026-09-01,ADBE,3,55.27
2026-09-01,REGN,4,54.13
2026-09-01,FTNT,5,49.78
2026-09-01,NVDA,6,49.38
2026-09-01,VEEV,7,45.34
2026-09-01,NOW,8,44.86
2026-09-01,MCK,9,42.75
2026-09-01,TWLO,10,42.24
2026-09-01,GTLB,11,40.29
2026-09-01,MRK,12,38.77
2026-09-01,PANW,13,35.93
2026-09-01,AAPL,14,35.81
2026-09-01,BKR,15,34.39
2026-09-01,UI,16,33.22
2026-09-01,HAL,17,32.98
2026-09-01,TEAM,18,32.84
2026-09-01,FIG,19,28.73
2026-09-01,UBER,20,27.74
2026-09-01,MDB,21,26.1
2026-09-01,U,22,26.04
2026-09-01,SLB,23,25.77
2026-09-01,UNH,24,24.4
2026-09-01,INTU,25,24.24
2026-09-01,ANET,26,21.39
2026-09-01,ZS,27,20.42
2026-09-01,DASH,28,20.28
2026-09-01,HOOD,29,18.89
2026-09-01,MU,30,17.21
2026-09-01,META,31,17.05
2026-09-01,SNOW,32,14.82
2026-09-01,CRCL,33,13.4
2026-09-01,QQQ,34,12.69
2026-09-01,NFLX,35,12.2
2026-09-01,UMAC,36,8.94
2026-09-01,BIIB,37,5.6
2026-09-01,ORCL,38,0.45
2026-09-01,LRCX,39,-0.4
2026-09-01,MRVL,40,-2.43
2026-09-01,GOOGL,41,-2.73
2026-09-01,COIN,42,-2.78
2026-09-01,CVLT,43,-3.1
2026-09-01,AMZN,44,-5.0
2026-09-01,AMD,45,-6.31
2026-09-01,AVGO,46,-7.18
2026-09-01,SOFI,47,-8.77
2026-09-01,AFRM,48,-8.86
2026-09-01,TSLA,49,-9.86
2026-09-01,NOC,50,-10.34
2026-09-01,CDNS,51,-10.6
2026-09-01,VRT,52,-12.19
2026-09-01,LMT,53,-12.55
2026-09-01,AVAV,54,-13.87
2026-09-01,RCL,55,-19.96
2026-09-01,APP,56,-20.98
2026-09-01,HIMS,57,-21.73
2026-09-01,CRWV,58,-23.87
2026-09-01,IREN,59,-28.42
2026-09-01,UPST,60,-31.89
2026-09-01,ENPH,61,-37.62
2026-09-02,NVDA,1,62.79
2026-09-02,MSFT,2,54.36
2026-09-02,VEEV,3,50.99
2026-09-02,GTLB,4,50.87
2026-09-02,REGN,5,50.6
2026-09-02,CRM,6,49.5
2026-09-02,ADBE,7,48.91
2026-09-02,MRK,8,48.66
2026-09-02,MU,9,47.57
2026-09-02,NOW,10,45.56
2026-09-02,BIIB,11,41.6
2026-09-02,MCK,12,39.92
2026-09-02,TWLO,13,38.01
2026-09-02,AAPL,14,35.81
2026-09-02,UI,15,35.34
2026-09-02,DASH,16,34.4
2026-09-02,BKR,17,34.39
2026-09-02,TEAM,18,34.25
2026-09-02,HOOD,19,33.0
2026-09-02,META,20,28.35
2026-09-02,HAL,21,27.33
2026-09-02,U,22,26.04
2026-09-02,INTU,23,24.24
2026-09-02,UNH,24,23.69
2026-09-02,UBER,25,22.09
2026-09-02,FTNT,26,20.14
2026-09-02,NFLX,27,19.96
2026-09-02,SLB,28,18.71
2026-09-02,QQQ,29,18.34
2026-09-02,ANET,30,17.15
2026-09-02,ZS,31,16.19
2026-09-02,MDB,32,14.81
2026-09-02,ORCL,33,10.33
2026-09-02,PANW,34,9.11
2026-09-02,UMAC,35,8.94
2026-09-02,FIG,36,8.26
2026-09-02,CRCL,37,7.04
2026-09-02,SNOW,38,6.35
2026-09-02,CVLT,39,2.55
2026-09-02,TSLA,40,1.43
2026-09-02,SOFI,41,1.11
2026-09-02,LRCX,42,-0.4
2026-09-02,COIN,43,-2.08
2026-09-02,MRVL,44,-2.43
2026-09-02,GOOGL,45,-2.73
2026-09-02,AMZN,46,-5.0
2026-09-02,VRT,47,-6.54
2026-09-02,HIMS,48,-7.61
2026-09-02,AVAV,49,-8.22
2026-09-02,NOC,50,-10.34
2026-09-02,CDNS,51,-10.6
2026-09-02,AMD,52,-11.95
2026-09-02,AFRM,53,-13.8
2026-09-02,AVGO,54,-16.36
2026-09-02,APP,55,-18.86
2026-09-02,IREN,56,-19.25
2026-09-02,LMT,57,-19.61
2026-09-02,RCL,58,-19.96
2026-09-02,CRWV,59,-25.29
2026-09-02,UPST,60,-31.89
2026-09-02,ENPH,61,-37.62
2026-09-03,NVDA,1,66.32
2026-09-03,CRM,2,56.56
2026-09-03,TWLO,3,54.95
2026-09-03,MSFT,4,51.54
2026-09-03,VEEV,5,50.99
2026-09-03,GTLB,6,50.87
2026-09-03,REGN,7,50.6
2026-09-03,MRK,8,48.66
2026-09-03,AAPL,9,48.52
2026-09-03,MU,10,47.57
2026-09-03,ADBE,11,41.15
2026-09-03,ORCL,12,39.98
2026-09-03,MCK,13,39.92
2026-09-03,TEAM,14,39.19
2026-09-03,BIIB,15,38.78
2026-09-03,QQQ,16,37.4
2026-09-03,SOFI,17,35.7
2026-09-03,UI,18,35.34
2026-09-03,NOW,19,34.98
2026-09-03,BKR,20,34.39
2026-09-03,META,21,34.0
2026-09-03,ZS,22,31.72
2026-09-03,U,23,30.98
2026-09-03,SNOW,24,28.94
2026-09-03,UNH,25,27.93
2026-09-03,ANET,26,27.74
2026-09-03,HAL,27,27.33
2026-09-03,VRT,28,25.23
2026-09-03,CVLT,29,25.14
2026-09-03,INTU,30,24.24
2026-09-03,DASH,31,23.11
2026-09-03,UMAC,32,23.06
2026-09-03,UBER,33,22.09
2026-09-03,HOOD,34,21.71
2026-09-03,SLB,35,20.12
2026-09-03,NFLX,36,19.96
2026-09-03,CRCL,37,16.22
2026-09-03,GOOGL,38,13.5
2026-09-03,FIG,39,12.49
2026-09-03,FTNT,40,11.66
2026-09-03,COIN,41,11.34
2026-09-03,TSLA,42,9.9
2026-09-03,MDB,43,9.16
2026-09-03,AMZN,44,7.71
2026-09-03,PANW,45,2.05
2026-09-03,IREN,46,-0.19
2026-09-03,LRCX,47,-0.4
2026-09-03,AVAV,48,-1.16
2026-09-03,MRVL,49,-2.43
2026-09-03,AFRM,50,-8.15
2026-09-03,NOC,51,-10.34
2026-09-03,AMD,52,-11.95
2026-09-03,HIMS,53,-13.26
2026-09-03,LMT,54,-19.61
2026-09-03,RCL,55,-19.96
2026-09-03,APP,56,-20.98
2026-09-03,CRWV,57,-21.05
2026-09-03,CDNS,58,-23.31
2026-09-03,UPST,59,-26.25
2026-09-03,AVGO,60,-30.47
2026-09-03,ENPH,61,-32.68
2026-09-04,NVDA,1,65.62
2026-09-04,TWLO,2,52.83
2026-09-04,VEEV,3,50.99
2026-09-04,GTLB,4,50.87
2026-09-04,REGN,5,48.49
2026-09-04,MU,6,47.57
2026-09-04,MSFT,7,44.48
2026-09-04,QQQ,8,44.46
2026-09-04,ANET,9,43.27
2026-09-04,META,10,43.17
2026-09-04,AAPL,11,40.75
2026-09-04,NOW,12,39.92
2026-09-04,CRM,13,39.62
2026-09-04,SNOW,14,39.53
2026-09-04,BIIB,15,36.66
2026-09-04,MRK,16,35.95
2026-09-04,MCK,17,32.16
2026-09-04,U,18,30.98
2026-09-04,MRVL,19,30.75
2026-09-04,VRT,20,28.05
2026-09-04,HOOD,21,27.36
2026-09-04,HAL,22,27.33
2026-09-04,BKR,23,26.62
2026-09-04,ORCL,24,25.86
2026-09-04,SOFI,25,25.81
2026-09-04,SLB,26,25.77
2026-09-04,CVLT,27,25.14
2026-09-04,TEAM,28,23.66
2026-09-04,ADBE,29,23.5
2026-09-04,UBER,30,22.09
2026-09-04,UNH,31,21.58
2026-09-04,UI,32,21.22
2026-09-04,AMD,33,20.52
2026-09-04,DASH,34,20.28
2026-09-04,LRCX,35,18.66
2026-09-04,CRCL,36,16.22
2026-09-04,FTNT,37,14.49
2026-09-04,IREN,38,13.22
2026-09-04,CRWV,39,11.42
2026-09-04,INTU,40,10.12
2026-09-04,UMAC,41,9.65
2026-09-04,COIN,42,9.22
2026-09-04,ZS,43,7.72
2026-09-04,AMZN,44,7.71
2026-09-04,FIG,45,5.44
2026-09-04,GOOGL,46,5.03
2026-09-04,MDB,47,2.1
2026-09-04,TSLA,48,1.43
2026-09-04,PANW,49,-2.18
2026-09-04,NOC,50,-5.4
2026-09-04,AVAV,51,-8.22
2026-09-04,NFLX,52,-8.28
2026-09-04,APP,53,-13.22
2026-09-04,LMT,54,-14.67
2026-09-04,CDNS,55,-14.84
2026-09-04,AFRM,56,-15.21
2026-09-04,RCL,57,-19.96
2026-09-04,HIMS,58,-20.32
2026-09-04,ENPH,59,-27.04
2026-09-04,AVGO,60,-30.47
2026-09-04,UPST,61,-33.31
2026-09-08,NVDA,1,65.62
2026-09-08,LRCX,2,49.01
2026-09-08,ANET,3,43.27
2026-09-08,U,4,42.98
2026-09-08,MU,5,41.92
2026-09-08,GTLB,6,40.29
2026-09-08,CRM,7,39.62
2026-09-08,SNOW,8,39.53
2026-09-08,QQQ,9,38.81
2026-09-08,MSFT,10,36.72
2026-09-08,MCK,11,36.39
2026-09-08,TWLO,12,35.89
2026-09-08,AMD,13,33.93
2026-09-08,HOOD,14,32.3
2026-09-08,UMAC,15,32.24
2026-09-08,CRWV,16,31.89
2026-09-08,MRK,17,31.01
2026-09-08,REGN,18,30.84
2026-09-08,BKR,19,28.74
2026-09-08,META,20,28.35
2026-09-08,VEEV,21,27.69
2026-09-08,HAL,22,27.33
2026-09-08,MRVL,23,27.22
2026-09-08,ORCL,24,25.86
2026-09-08,UNH,25,25.81
2026-09-08,FTNT,26,25.78
2026-09-08,ADBE,27,24.91
2026-09-08,VRT,28,22.4
2026-09-08,TEAM,29,20.13
2026-09-08,SLB,30,20.12
2026-09-08,NOW,31,16.62
2026-09-08,TSLA,32,15.55
2026-09-08,IREN,33,14.64
2026-09-08,AAPL,34,13.93
2026-09-08,UI,35,12.75
2026-09-08,BIIB,36,11.25
2026-09-08,CRCL,37,10.57
2026-09-08,DASH,38,8.28
2026-09-08,CVLT,39,8.2
2026-09-08,UBER,40,6.56
2026-09-08,AVAV,41,5.19
2026-09-08,PANW,42,3.46
2026-09-08,INTU,43,3.06
2026-09-08,MDB,44,2.1
2026-09-08,NFLX,45,1.61
2026-09-08,SOFI,46,1.11
2026-09-08,ZS,47,0.66
2026-09-08,FIG,48,0.49
2026-09-08,ENPH,49,-0.21
2026-09-08,GOOGL,50,-0.62
2026-09-08,AMZN,51,-2.88
2026-09-08,AVGO,52,-2.94
2026-09-08,NOC,53,-4.69
2026-09-08,LMT,54,-6.9
2026-09-08,COIN,55,-8.43
2026-09-08,CDNS,56,-19.78
2026-09-08,RCL,57,-19.96
2026-09-08,AFRM,58,-20.86
2026-09-08,APP,59,-25.22
2026-09-08,HIMS,60,-25.96
2026-09-08,UPST,61,-43.89
2026-09-09,NVDA,1,62.79
2026-09-09,U,2,44.39
2026-09-09,MU,3,41.92
2026-09-09,LRCX,4,39.83
2026-09-09,MRVL,5,38.51
2026-09-09,META,6,37.52
2026-09-09,REGN,7,37.19
2026-09-09,VEEV,8,36.16
2026-09-09,CRM,9,35.38
2026-09-09,ANET,10,34.8
2026-09-09,GTLB,11,33.93
2026-09-09,QQQ,12,33.16
2026-09-09,HAL,13,32.98
2026-09-09,MSFT,14,32.48
2026-09-09,MRK,15,31.71
2026-09-09,TWLO,16,30.24
2026-09-09,ADBE,17,29.86
2026-09-09,IREN,18,29.46
2026-09-09,SNOW,19,26.82
2026-09-09,HOOD,20,26.65
2026-09-09,BKR,21,26.62
2026-09-09,ORCL,22,25.86
2026-09-09,NOW,23,25.09
2026-09-09,MCK,24,24.39
2026-09-09,AMD,25,23.34
2026-09-09,TEAM,26,20.13
2026-09-09,SLB,27,18.0
2026-09-09,CRWV,28,17.77
2026-09-09,AAPL,29,17.46
2026-09-09,FTNT,30,14.49
2026-09-09,UMAC,31,10.35
2026-09-09,TSLA,32,9.9
2026-09-09,DASH,33,8.28
2026-09-09,ZS,34,7.72
2026-09-09,CRCL,35,7.04
2026-09-09,BIIB,36,4.19
2026-09-09,CVLT,37,3.96
2026-09-09,INTU,38,3.76
2026-09-09,PANW,39,3.46
2026-09-09,UBER,40,1.62
2026-09-09,UI,41,0.75
2026-09-09,UNH,42,0.4
2026-09-09,FIG,43,-0.21
2026-09-09,SOFI,44,-3.13
2026-09-09,MDB,45,-4.96
2026-09-09,NOC,46,-5.4
2026-09-09,NFLX,47,-9.69
2026-09-09,GOOGL,48,-10.5
2026-09-09,VRT,49,-12.89
2026-09-09,AVAV,50,-13.87
2026-09-09,LMT,51,-14.67
2026-09-09,AMZN,52,-14.88
2026-09-09,AVGO,53,-17.06
2026-09-09,CDNS,54,-19.78
2026-09-09,RCL,55,-19.96
2026-09-09,HIMS,56,-20.32
2026-09-09,AFRM,57,-21.56
2026-09-09,COIN,58,-21.84
2026-09-09,ENPH,59,-24.92
2026-09-09,APP,60,-32.98
2026-09-09,UPST,61,-38.25
2026-09-10,TWLO,1,54.24
2026-09-10,MU,2,45.45
2026-09-10,MRVL,3,44.87
2026-09-10,META,4,37.52
2026-09-10,AAPL,5,37.22
2026-09-10,VEEV,6,36.16
2026-09-10,REGN,7,32.96
2026-09-10,MSFT,8,32.48
2026-09-10,NVDA,9,32.44
2026-09-10,GTLB,10,29.7
2026-09-10,AMD,11,28.28
2026-09-10,MRK,12,27.48
2026-09-10,TEAM,13,25.78
2026-09-10,HOOD,14,24.53
2026-09-10,HAL,15,24.51
2026-09-10,FTNT,16,24.37
2026-09-10,ORCL,17,23.74
2026-09-10,CRM,18,22.68
2026-09-10,SNOW,19,22.59
2026-09-10,U,20,21.8
2026-09-10,NOW,21,20.86
2026-09-10,MCK,22,20.86
2026-09-10,IREN,23,16.05
2026-09-10,BIIB,24,14.07
2026-09-10,ADBE,25,12.91
2026-09-10,QQQ,26,12.69
2026-09-10,ANET,27,11.5
2026-09-10,UMAC,28,8.94
2026-09-10,DASH,29,8.28
2026-09-10,MDB,30,7.75
2026-09-10,UI,31,6.4
2026-09-10,CRWV,32,5.77
2026-09-10,PANW,33,3.46
2026-09-10,TSLA,34,2.84
2026-09-10,NOC,35,2.37
2026-09-10,ZS,36,0.66
2026-09-10,AVAV,37,-1.87
2026-09-10,SLB,38,-2.47
2026-09-10,CVLT,39,-3.1
2026-09-10,BKR,40,-6.55
2026-09-10,CRCL,41,-7.07
2026-09-10,FIG,42,-7.27
2026-09-10,LRCX,43,-8.87
2026-09-10,INTU,44,-8.94
2026-09-10,UBER,45,-9.67
2026-09-10,NFLX,46,-9.69
2026-09-10,SOFI,47,-10.19
2026-09-10,GOOGL,48,-10.5
2026-09-10,UNH,49,-12.31
2026-09-10,COIN,50,-13.37
2026-09-10,LMT,51,-13.96
2026-09-10,RCL,52,-15.02
2026-09-10,AMZN,53,-17.0
2026-09-10,CDNS,54,-19.78
2026-09-10,VRT,55,-19.95
2026-09-10,HIMS,56,-20.32
2026-09-10,APP,57,-20.98
2026-09-10,AFRM,58,-21.56
2026-09-10,ENPH,59,-24.92
2026-09-10,AVGO,60,-30.47
2026-09-10,UPST,61,-38.95
2026-09-11,AAPL,1,47.81
2026-09-11,MU,2,45.45
2026-09-11,VEEV,3,41.81
2026-09-11,NVDA,4,40.91
2026-09-11,MSFT,5,40.25
2026-09-11,CRM,6,38.21
2026-09-11,ANET,7,37.62
2026-09-11,META,8,36.11
2026-09-11,GTLB,9,33.93
2026-09-11,U,10,33.1
2026-09-11,REGN,11,32.96
2026-09-11,TWLO,12,31.65
2026-09-11,AMD,13,30.4
2026-09-11,HOOD,14,30.18
2026-09-11,MRVL,15,29.34
2026-09-11,QQQ,16,27.51
2026-09-11,MRK,17,27.48
2026-09-11,BIIB,18,26.78
2026-09-11,MCK,19,26.51
2026-09-11,NOW,20,26.5
2026-09-11,TEAM,21,25.78
2026-09-11,SNOW,22,18.35
2026-09-11,IREN,23,16.05
2026-09-11,HAL,24,13.21
2026-09-11,ADBE,25,12.91
2026-09-11,ORCL,26,11.03
2026-09-11,INTU,27,10.12
2026-09-11,GOOGL,28,9.27
2026-09-11,UI,29,7.81
2026-09-11,TSLA,30,7.78
2026-09-11,FTNT,31,7.43
2026-09-11,DASH,32,6.87
2026-09-11,ZS,33,6.31
2026-09-11,SLB,34,6.0
2026-09-11,UMAC,35,4.0
2026-09-11,NOC,36,2.37
2026-09-11,NFLX,37,1.61
2026-09-11,CRCL,38,1.4
2026-09-11,MDB,39,0.69
2026-09-11,FIG,40,-0.92
2026-09-11,PANW,41,-2.18
2026-09-11,COIN,42,-2.78
2026-09-11,AMZN,43,-2.88
2026-09-11,CVLT,44,-3.1
2026-09-11,CRWV,45,-4.11
2026-09-11,AVAV,46,-7.52
2026-09-11,UBER,47,-9.67
2026-09-11,SOFI,48,-10.19
2026-09-11,VRT,49,-12.19
2026-09-11,APP,50,-13.22
2026-09-11,CDNS,51,-14.13
2026-09-11,LMT,52,-14.67
2026-09-11,UNH,53,-15.13
2026-09-11,LRCX,54,-17.34
2026-09-11,RCL,55,-18.55
2026-09-11,BKR,56,-18.55
2026-09-11,HIMS,57,-20.32
2026-09-11,AVGO,58,-25.53
2026-09-11,AFRM,59,-26.5
2026-09-11,ENPH,60,-30.56
2026-09-11,UPST,61,-31.89
2026-09-14,TWLO,1,58.48
2026-09-14,MSFT,2,56.48
2026-09-14,FTNT,3,56.14
2026-09-14,CRM,4,52.33
2026-09-14,GTLB,5,50.87
2026-09-14,META,6,48.11
2026-09-14,AAPL,7,47.81
2026-09-14,TEAM,8,44.84
2026-09-14,GOOGL,9,41.74
2026-09-14,ZS,10,41.6
2026-09-14,NOW,11,40.62
2026-09-14,MCK,12,39.92
2026-09-14,PANW,13,38.05
2026-09-14,U,14,38.04
2026-09-14,VEEV,15,37.57
2026-09-14,CVLT,16,35.02
2026-09-14,REGN,17,32.96
2026-09-14,INTU,18,32.71
2026-09-14,BIIB,19,32.43
2026-09-14,SNOW,20,31.76
2026-09-14,ADBE,21,30.56
2026-09-14,HOOD,22,30.18
2026-09-14,MRK,23,27.48
2026-09-14,NFLX,24,25.61
2026-09-14,CRCL,25,21.87
2026-09-14,COIN,26,19.81
2026-09-14,NVDA,27,19.03
2026-09-14,AMD,28,17.69
2026-09-14,AVAV,29,14.37
2026-09-14,DASH,30,13.93
2026-09-14,ANET,31,10.09
2026-09-14,MDB,32,9.86
2026-09-14,IREN,33,6.87
2026-09-14,SOFI,34,5.34
2026-09-14,FIG,35,4.02
2026-09-14,MU,36,3.8
2026-09-14,SLB,37,3.18
2026-09-14,QQQ,38,2.81
2026-09-14,NOC,39,1.66
2026-09-14,HIMS,40,1.57
2026-09-14,UI,41,0.75
2026-09-14,HAL,42,0.51
2026-09-14,UBER,43,0.21
2026-09-14,MRVL,44,-2.43
2026-09-14,UMAC,45,-3.06
2026-09-14,AMZN,46,-5.0
2026-09-14,UNH,47,-6.66
2026-09-14,AFRM,48,-6.74
2026-09-14,LRCX,49,-8.17
2026-09-14,ORCL,50,-10.85
2026-09-14,LMT,51,-11.84
2026-09-14,CDNS,52,-14.13
2026-09-14,TSLA,53,-14.8
2026-09-14,APP,54,-15.33
2026-09-14,BKR,55,-19.96
2026-09-14,ENPH,56,-20.68
2026-09-14,VRT,57,-23.48
2026-09-14,RCL,58,-25.61
2026-09-14,UPST,59,-31.19
2026-09-14,CRWV,60,-38.7
2026-09-14,AVGO,61,-39.65
2026-09-15,META,1,55.88
2026-09-15,CRM,2,50.21
2026-09-15,TWLO,3,50.01
2026-09-15,AAPL,4,47.81
2026-09-15,FTNT,5,47.66
2026-09-15,PANW,6,46.52
2026-09-15,GTLB,7,45.23
2026-09-15,TEAM,8,44.84
2026-09-15,ZS,9,44.42
2026-09-15,MCK,10,44.16
2026-09-15,AMD,11,40.99
2026-09-15,NOW,12,40.62
2026-09-15,MSFT,13,40.25
2026-09-15,VEEV,14,37.57
2026-09-15,MRK,15,34.54
2026-09-15,U,16,33.8
2026-09-15,GOOGL,17,28.33
2026-09-15,REGN,18,28.01
2026-09-15,CVLT,19,26.55
2026-09-15,NVDA,20,24.67
2026-09-15,ADBE,21,23.5
2026-09-15,BIIB,22,23.25
2026-09-15,ANET,23,20.68
2026-09-15,MU,24,17.92
2026-09-15,INTU,25,16.47
2026-09-15,HOOD,26,15.36
2026-09-15,HAL,27,13.21
2026-09-15,AVAV,28,12.95
2026-09-15,CRCL,29,12.69
2026-09-15,NOC,30,9.43
2026-09-15,UI,31,8.51
2026-09-15,MDB,32,8.45
2026-09-15,SLB,33,7.41
2026-09-15,NFLX,34,7.25
2026-09-15,DASH,35,6.87
2026-09-15,QQQ,36,6.34
2026-09-15,FIG,37,6.14
2026-09-15,UMAC,38,4.0
2026-09-15,MRVL,39,3.22
2026-09-15,SNOW,40,0.7
2026-09-15,IREN,41,-1.6
2026-09-15,ORCL,42,-3.79
2026-09-15,SOFI,43,-4.54
2026-09-15,UBER,44,-5.44
2026-09-15,UNH,45,-6.66
2026-09-15,LMT,46,-7.61
2026-09-15,COIN,47,-7.72
2026-09-15,LRCX,48,-8.17
2026-09-15,AFRM,49,-8.86
2026-09-15,AMZN,50,-9.23
2026-09-15,HIMS,51,-12.55
2026-09-15,TSLA,52,-14.8
2026-09-15,CDNS,53,-14.84
2026-09-15,VRT,54,-15.01
2026-09-15,APP,55,-15.33
2026-09-15,RCL,56,-20.66
2026-09-15,ENPH,57,-20.68
2026-09-15,CRWV,58,-25.29
2026-09-15,BKR,59,-25.61
2026-09-15,AVGO,60,-31.18
2026-09-15,UPST,61,-33.31
2026-09-16,TWLO,1,60.6
2026-09-16,META,2,55.88
2026-09-16,FTNT,3,54.72
2026-09-16,AAPL,4,47.81
2026-09-16,NOW,5,45.56
2026-09-16,TEAM,6,44.84
2026-09-16,ANET,7,43.27
2026-09-16,GTLB,8,43.11
2026-09-16,PANW,9,42.29
2026-09-16,AMD,10,40.99
2026-09-16,MRVL,11,37.81
2026-09-16,VEEV,12,37.57
2026-09-16,ZS,13,35.95
2026-09-16,NVDA,14,35.26
2026-09-16,MRK,15,33.13
2026-09-16,REGN,16,31.54
2026-09-16,CVLT,17,31.49
2026-09-16,MSFT,18,28.95
2026-09-16,CRM,19,27.62
2026-09-16,MCK,20,26.51
2026-09-16,SNOW,21,24.0
2026-09-16,GOOGL,22,20.56
2026-09-16,MU,23,17.92
2026-09-16,BIIB,24,17.6
2026-09-16,U,25,17.57
2026-09-16,NOC,26,17.19
2026-09-16,UI,27,16.98
2026-09-16,HOOD,28,14.65
2026-09-16,AVAV,29,12.95
2026-09-16,MDB,30,10.57
2026-09-16,ADBE,31,5.86
2026-09-16,ORCL,32,3.27
2026-09-16,IREN,33,2.64
2026-09-16,DASH,34,1.22
2026-09-16,QQQ,35,-1.43
2026-09-16,HAL,36,-2.32
2026-09-16,UMAC,37,-3.06
2026-09-16,INTU,38,-4.0
2026-09-16,SLB,39,-4.59
2026-09-16,UBER,40,-5.44
2026-09-16,LMT,41,-5.49
2026-09-16,FIG,42,-6.56
2026-09-16,UNH,43,-6.66
2026-09-16,LRCX,44,-8.17
2026-09-16,HIMS,45,-8.32
2026-09-16,AMZN,46,-9.23
2026-09-16,NFLX,47,-9.69
2026-09-16,SOFI,48,-10.19
2026-09-16,CDNS,49,-12.72
2026-09-16,VRT,50,-15.01
2026-09-16,RCL,51,-18.55
2026-09-16,CRCL,52,-19.78
2026-09-16,APP,53,-20.98
2026-09-16,TSLA,54,-23.28
2026-09-16,AFRM,55,-24.38
2026-09-16,BKR,56,-25.61
2026-09-16,COIN,57,-28.9
2026-09-16,CRWV,58,-30.23
2026-09-16,AVGO,59,-31.18
2026-09-16,ENPH,60,-31.98
2026-09-16,UPST,61,-38.95
2026-09-17,TWLO,1,64.12
2026-09-17,FTNT,2,60.37
2026-09-17,META,3,55.88
2026-09-17,NVDA,4,54.32
2026-09-17,MU,5,51.1
2026-09-17,TEAM,6,50.49
2026-09-17,AAPL,7,47.81
2026-09-17,GTLB,8,45.23
2026-09-17,MRK,9,45.13
2026-09-17,MSFT,10,44.48
2026-09-17,CVLT,11,44.2
2026-09-17,ANET,12,43.27
2026-09-17,PANW,13,42.29
2026-09-17,SNOW,14,39.53
2026-09-17,CRM,15,38.21
2026-09-17,VEEV,16,37.57
2026-09-17,ZS,17,36.66
2026-09-17,BIIB,18,36.66
2026-09-17,MRVL,19,36.39
2026-09-17,UI,20,33.92
2026-09-17,NOW,21,32.15
2026-09-17,GOOGL,22,31.86
2026-09-17,REGN,23,31.54
2026-09-17,AMD,24,30.4
2026-09-17,ORCL,25,30.09
2026-09-17,MCK,26,26.51
2026-09-17,QQQ,27,25.4
2026-09-17,TSLA,28,21.9
2026-09-17,UMAC,29,21.65
2026-09-17,HOOD,30,18.18
2026-09-17,AVAV,31,16.48
2026-09-17,MDB,32,16.22
2026-09-17,U,33,15.45
2026-09-17,IREN,34,10.4
2026-09-17,DASH,35,6.17
2026-09-17,ADBE,36,5.86
2026-09-17,NOC,37,3.78
2026-09-17,LMT,38,0.16
2026-09-17,HAL,39,-4.43
2026-09-17,FIG,40,-4.45
2026-09-17,SLB,41,-4.59
2026-09-17,APP,42,-5.45
2026-09-17,UNH,43,-6.66
2026-09-17,CDNS,44,-7.07
2026-09-17,AMZN,45,-7.12
2026-09-17,COIN,46,-7.72
2026-09-17,CRCL,47,-7.78
2026-09-17,LRCX,48,-8.17
2026-09-17,INTU,49,-8.94
2026-09-17,VRT,50,-9.36
2026-09-17,UBER,51,-9.67
2026-09-17,NFLX,52,-9.69
2026-09-17,SOFI,53,-10.19
2026-09-17,HIMS,54,-18.2
2026-09-17,BKR,55,-18.55
2026-09-17,AFRM,56,-21.56
2026-09-17,CRWV,57,-25.29
2026-09-17,AVGO,58,-25.53
2026-09-17,RCL,59,-25.61
2026-09-17,ENPH,60,-27.04
2026-09-17,UPST,61,-38.95
2026-09-18,NVDA,1,63.5
2026-09-18,ANET,2,58.8
2026-09-18,MU,3,56.04
2026-09-18,FTNT,4,54.72
2026-09-18,TWLO,5,50.01
2026-09-18,META,6,48.82
2026-09-18,GTLB,7,45.23
2026-09-18,TEAM,8,44.84
2026-09-18,CVLT,9,44.2
2026-09-18,CRM,10,43.15
2026-09-18,UI,11,42.4
2026-09-18,AAPL,12,42.16
2026-09-18,QQQ,13,41.63
2026-09-18,MSFT,14,40.25
2026-09-18,MRK,15,39.48
2026-09-18,ZS,16,38.07
2026-09-18,GOOGL,17,37.5
2026-09-18,MRVL,18,35.69
2026-09-18,VEEV,19,33.34
2026-09-18,SNOW,20,33.17
2026-09-18,PANW,21,32.4
2026-09-18,AMD,22,30.4
2026-09-18,HOOD,23,28.77
2026-09-18,NOW,24,28.62
2026-09-18,REGN,25,25.9
2026-09-18,COIN,26,19.81
2026-09-18,IREN,27,19.58
2026-09-18,ORCL,28,18.09
2026-09-18,NOC,29,17.9
2026-09-18,BIIB,30,17.6
2026-09-18,MCK,31,15.22
2026-09-18,TSLA,32,14.14
2026-09-18,CRCL,33,13.4
2026-09-18,AVAV,34,10.84
2026-09-18,MDB,35,10.57
2026-09-18,U,36,10.51
2026-09-18,DASH,37,6.17
2026-09-18,ADBE,38,5.86
2026-09-18,AMZN,39,4.88
2026-09-18,UMAC,40,4.0
2026-09-18,INTU,41,3.76
2026-09-18,LRCX,42,1.71
2026-09-18,HIMS,43,0.15
2026-09-18,CDNS,44,-4.96
2026-09-18,UNH,45,-6.66
2026-09-18,SLB,46,-9.53
2026-09-18,UBER,47,-9.67
2026-09-18,SOFI,48,-10.19
2026-09-18,NFLX,49,-11.1
2026-09-18,FIG,50,-12.21
2026-09-18,LMT,51,-13.26
2026-09-18,HAL,52,-13.61
2026-09-18,BKR,53,-13.61
2026-09-18,VRT,54,-14.3
2026-09-18,AVGO,55,-18.47
2026-09-18,CRWV,56,-19.64
2026-09-18,AFRM,57,-20.15
2026-09-18,RCL,58,-20.66
2026-09-18,APP,59,-25.92
2026-09-18,UPST,60,-31.89
2026-09-18,ENPH,61,-46.09
2026-09-21,MSFT,1,62.13
2026-09-21,NVDA,2,58.56
2026-09-21,GTLB,3,56.52
2026-09-21,MU,4,52.51
2026-09-21,ANET,5,50.33
2026-09-21,TWLO,6,50.01
2026-09-21,FTNT,7,49.78
2026-09-21,MRK,8,46.54
2026-09-21,META,9,45.29
2026-09-21,TEAM,10,44.84
2026-09-21,CVLT,11,44.2
2026-09-21,CRM,12,43.15
2026-09-21,AAPL,13,42.16
2026-09-21,SNOW,14,39.53
2026-09-21,BIIB,15,38.78
2026-09-21,ZS,16,38.07
2026-09-21,NOW,17,37.8
2026-09-21,HOOD,18,37.24
2026-09-21,PANW,19,36.64
2026-09-21,VEEV,20,35.46
2026-09-21,REGN,21,32.25
2026-09-21,GOOGL,22,31.86
2026-09-21,MDB,23,31.04
2026-09-21,MRVL,24,30.04
2026-09-21,U,25,29.57
2026-09-21,COIN,26,28.28
2026-09-21,UI,27,28.28
2026-09-21,AMZN,28,27.47
2026-09-21,QQQ,29,26.81
2026-09-21,AMD,30,24.75
2026-09-21,UMAC,31,23.76
2026-09-21,MCK,32,22.98
2026-09-21,CRCL,33,21.87
2026-09-21,TSLA,34,21.2
2026-09-21,IREN,35,18.87
2026-09-21,ORCL,36,18.09
2026-09-21,HIMS,37,17.1
2026-09-21,AVAV,38,16.48
2026-09-21,CDNS,39,14.81
2026-09-21,DASH,40,13.22
2026-09-21,NOC,41,9.43
2026-09-21,ADBE,42,8.68
2026-09-21,LRCX,43,6.66
2026-09-21,INTU,44,3.76
2026-09-21,LMT,45,0.86
2026-09-21,UNH,46,-1.01
2026-09-21,SLB,47,-2.47
2026-09-21,SOFI,48,-4.54
2026-09-21,UBER,49,-5.44
2026-09-21,FIG,50,-7.27
2026-09-21,AVGO,51,-7.88
2026-09-21,APP,52,-8.28
2026-09-21,VRT,53,-12.19
2026-09-21,BKR,54,-13.61
2026-09-21,HAL,55,-13.61
2026-09-21,CRWV,56,-18.23
2026-09-21,RCL,57,-18.55
2026-09-21,AFRM,58,-20.15
2026-09-21,NFLX,59,-21.69
2026-09-21,UPST,60,-26.95
2026-09-21,ENPH,61,-31.98
2026-09-22,NVDA,1,61.38
2026-09-22,META,2,50.94
2026-09-22,MSFT,3,50.13
2026-09-22,FTNT,4,49.08
2026-09-22,BIIB,5,47.25
2026-09-22,MRK,6,46.54
2026-09-22,MU,7,46.15
2026-09-22,TWLO,8,44.36
2026-09-22,REGN,9,44.25
2026-09-22,PANW,10,43.7
2026-09-22,CRM,11,43.15
2026-09-22,GTLB,12,43.11
2026-09-22,TEAM,13,42.72
2026-09-22,VEEV,14,42.51
2026-09-22,AAPL,15,42.16
2026-09-22,LRCX,16,39.83
2026-09-22,ANET,17,39.03
2026-09-22,GOOGL,18,38.91
2026-09-22,MDB,19,38.81
2026-09-22,CVLT,20,38.55
2026-09-22,ZS,21,38.07
2026-09-22,NOW,22,37.8
2026-09-22,SNOW,23,33.88
2026-09-22,HOOD,24,33.0
2026-09-22,MCK,25,32.86
2026-09-22,MRVL,26,30.75
2026-09-22,QQQ,27,28.22
2026-09-22,HIMS,28,27.68
2026-09-22,AMD,29,24.75
2026-09-22,IREN,30,24.52
2026-09-22,UI,31,24.04
2026-09-22,U,32,23.92
2026-09-22,CRCL,33,21.87
2026-09-22,COIN,34,19.81
2026-09-22,ORCL,35,18.8
2026-09-22,UMAC,36,18.12
2026-09-22,TSLA,37,15.55
2026-09-22,AMZN,38,10.53
2026-09-22,DASH,39,6.17
2026-09-22,ADBE,40,5.15
2026-09-22,CDNS,41,4.93
2026-09-22,INTU,42,3.76
2026-09-22,VRT,43,2.64
2026-09-22,AFRM,44,1.73
2026-09-22,CRWV,45,1.54
2026-09-22,UBER,46,-0.49
2026-09-22,UNH,47,-1.01
2026-09-22,SLB,48,-1.76
2026-09-22,SOFI,49,-3.83
2026-09-22,AVGO,50,-4.36
2026-09-22,AVAV,51,-5.4
2026-09-22,NOC,52,-6.1
2026-09-22,FIG,53,-7.27
2026-09-22,APP,54,-8.28
2026-09-22,RCL,55,-15.02
2026-09-22,BKR,56,-20.67
2026-09-22,HAL,57,-20.67
2026-09-22,NFLX,58,-21.69
2026-09-22,LMT,59,-23.14
2026-09-22,UPST,60,-29.78
2026-09-22,ENPH,61,-37.62
2026-09-23,MSFT,1,60.01
2026-09-23,NVDA,2,58.56
2026-09-23,VEEV,3,57.34
2026-09-23,MU,4,56.74
2026-09-23,META,5,56.58
2026-09-23,GTLB,6,54.4
2026-09-23,MRK,7,52.19
2026-09-23,NOW,8,51.21
2026-09-23,TEAM,9,50.49
2026-09-23,REGN,10,49.9
2026-09-23,FTNT,11,49.78
2026-09-23,AAPL,12,45.69
2026-09-23,TWLO,13,44.36
2026-09-23,CVLT,14,44.2
2026-09-23,CRM,15,43.15
2026-09-23,BIIB,16,39.49
2026-09-23,ANET,17,39.03
2026-09-23,PANW,18,38.76
2026-09-23,ZS,19,38.07
2026-09-23,MCK,20,34.28
2026-09-23,QQQ,21,33.87
2026-09-23,HOOD,22,33.0
2026-09-23,LRCX,23,32.77
2026-09-23,MRVL,24,30.75
2026-09-23,AMD,25,28.99
2026-09-23,U,26,28.86
2026-09-23,SNOW,27,26.12
2026-09-23,MDB,28,24.69
2026-09-23,COIN,29,19.81
2026-09-23,IREN,30,18.87
2026-09-23,UI,31,16.98
2026-09-23,TSLA,32,15.55
2026-09-23,CRCL,33,15.51
2026-09-23,CDNS,34,13.4
2026-09-23,ADBE,35,10.8
2026-09-23,HIMS,36,5.1
2026-09-23,INTU,37,3.76
2026-09-23,GOOGL,38,2.91
2026-09-23,ORCL,39,1.86
2026-09-23,CRWV,40,1.54
2026-09-23,UBER,41,-0.49
2026-09-23,SLB,42,-1.06
2026-09-23,DASH,43,-1.6
2026-09-23,UNH,44,-1.72
2026-09-23,UMAC,45,-3.06
2026-09-23,NOC,46,-3.28
2026-09-23,SOFI,47,-4.54
2026-09-23,VRT,48,-5.83
2026-09-23,BKR,49,-7.26
2026-09-23,FIG,50,-7.27
2026-09-23,AMZN,51,-9.23
2026-09-23,AVAV,52,-13.16
2026-09-23,LMT,53,-14.67
2026-09-23,RCL,54,-15.02
2026-09-23,NFLX,55,-16.75
2026-09-23,HAL,56,-20.67
2026-09-23,APP,57,-21.69
2026-09-23,AVGO,58,-24.12
2026-09-23,AFRM,59,-30.03
2026-09-23,ENPH,60,-32.68
2026-09-23,UPST,61,-33.31
2026-09-24,NVDA,1,57.74
2026-09-24,AAPL,2,55.38
2026-09-24,ANET,3,54.3
2026-09-24,META,4,52.97
2026-09-24,MRK,5,52.57
2026-09-24,VEEV,6,52.31
2026-09-24,MU,7,51.16
2026-09-24,FTNT,8,49.82
2026-09-24,CRM,9,48.69
2026-09-24,AMD,10,48.21
2026-09-24,TWLO,11,46.18
2026-09-24,TEAM,12,44.78
2026-09-24,MSFT,13,41.89
2026-09-24,REGN,14,40.42
2026-09-24,BIIB,15,39.9
2026-09-24,CVLT,16,39.2
2026-09-24,NOW,17,39.1
2026-09-24,PANW,18,38.7
2026-09-24,ZS,19,38.09
2026-09-24,HOOD,20,33.56
2026-09-24,SNOW,21,31.7
2026-09-24,GTLB,22,31.63
2026-09-24,MDB,23,29.47
2026-09-24,HIMS,24,28.8
2026-09-24,QQQ,25,28.16
2026-09-24,LRCX,26,27.14
2026-09-24,CRCL,27,26.7
2026-09-24,CDNS,28,24.68
2026-09-24,MCK,29,22.68
2026-09-24,TSLA,30,21.3
2026-09-24,CRWV,31,18.32
2026-09-24,UMAC,32,18.11
2026-09-24,MRVL,33,17.98
2026-09-24,IREN,34,17.94
2026-09-24,U,35,15.57
2026-09-24,COIN,36,14.31
2026-09-24,GOOGL,37,8.65
2026-09-24,AMZN,38,7.23
2026-09-24,ADBE,39,4.94
2026-09-24,INTU,40,3.68
2026-09-24,UNH,41,2.93
2026-09-24,NOC,42,2.3
2026-09-24,AFRM,43,-0.12
2026-09-24,UBER,44,-2.8
2026-09-24,APP,45,-5.46
2026-09-24,DASH,46,-7.16
2026-09-24,FIG,47,-7.18
2026-09-24,UI,48,-7.68
2026-09-24,SOFI,49,-7.81
2026-09-24,SLB,50,-8.38
2026-09-24,AVAV,51,-9.06
2026-09-24,LMT,52,-9.51
2026-09-24,NFLX,53,-9.6
2026-09-24,ORCL,54,-9.68
2026-09-24,VRT,55,-12.86
2026-09-24,AVGO,56,-13.7
2026-09-24,HAL,57,-13.85
2026-09-24,RCL,58,-18.74
2026-09-24,BKR,59,-20.23
2026-09-24,ENPH,60,-32.74
2026-09-24,UPST,61,-33.45
