Symbol,Earnings Date
AAPL,2026-10-28
AAPL,2026-07-30
AAPL,2026-04-30
AAPL,2026-01-29
AAPL,2025-10-30
AAPL,2025-07-31
AAPL,2025-05-01
AAPL,2025-01-30
AAPL,2024-10-31
ADBE,2026-12-08
ADBE,2026-09-10
ADBE,2026-06-11
ADBE,2026-03-12
ADBE,2025-12-10
ADBE,2025-09-11
ADBE,2025-06-12
ADBE,2025-03-12
ADBE,2024-12-11
AFRM,2026-11-04
AFRM,2026-08-27
AFRM,2026-05-07
AFRM,2026-02-05
AFRM,2025-11-06
AFRM,2025-08-28
AFRM,2025-05-08
AFRM,2025-02-06
AFRM,2024-11-07
AMD,2026-11-02
AMD,2026-08-04
AMD,2026-05-05
AMD,2026-02-03
AMD,2025-11-04
AMD,2025-08-05
AMD,2025-05-06
AMD,2025-02-04
AMD,2024-10-29
AMZN,2026-10-28
AMZN,2026-07-30
AMZN,2026-04-29
AMZN,2026-02-05
AMZN,2025-10-30
AMZN,2025-07-31
AMZN,2025-05-01
AMZN,2025-02-06
AMZN,2024-10-31
ANET,2026-11-02
ANET,2026-08-04
ANET,2026-05-05
ANET,2026-02-12
ANET,2025-11-04
ANET,2025-08-05
ANET,2025-05-06
ANET,2025-02-18
ANET,2024-11-07
APP,2026-11-03
APP,2026-08-05
APP,2026-05-06
APP,2026-02-11
APP,2025-11-05
APP,2025-08-06
APP,2025-05-07
APP,2025-02-12
APP,2024-11-06
AVAV,2026-12-07
AVAV,2026-09-09
AVAV,2026-06-29
AVAV,2026-03-10
AVAV,2025-12-09
AVAV,2025-09-09
AVAV,2025-06-24
AVAV,2025-03-04
AVAV,2024-12-04
AVGO,2026-12-09
AVGO,2026-09-02
AVGO,2026-06-03
AVGO,2026-03-04
AVGO,2025-12-11
AVGO,2025-09-04
AVGO,2025-06-05
AVGO,2025-03-06
AVGO,2024-12-12
BBAI,2026-11-09
BBAI,2026-07-30
BBAI,2026-05-05
BBAI,2026-03-02
BBAI,2025-11-10
BBAI,2025-08-11
BBAI,2025-05-01
BBAI,2025-03-06
BBAI,2024-11-05
BIIB,2026-10-28
BIIB,2026-07-29
BIIB,2026-04-29
BIIB,2026-02-06
BIIB,2025-10-30
BIIB,2025-07-31
BIIB,2025-05-01
BIIB,2025-02-12
BIIB,2024-10-30
BKR,2026-10-21
BKR,2026-07-26
BKR,2026-04-23
BKR,2026-01-25
BKR,2025-10-23
BKR,2025-07-22
BKR,2025-04-22
BKR,2025-01-30
BKR,2024-10-22
CDNS,2026-10-26
CDNS,2026-07-27
CDNS,2026-04-27
CDNS,2026-02-17
CDNS,2025-10-27
CDNS,2025-07-28
CDNS,2025-04-28
CDNS,2025-02-18
CDNS,2024-10-28
COIN,2026-10-28
COIN,2026-07-30
COIN,2026-05-07
COIN,2026-02-12
COIN,2025-10-30
COIN,2025-07-31
COIN,2025-05-08
COIN,2025-02-13
COIN,2024-10-30
CRCL,2026-11-10
CRCL,2026-08-05
CRCL,2026-05-11
CRCL,2026-02-25
CRCL,2025-11-12
CRCL,2025-08-12
CRM,2026-12-01
CRM,2026-08-26
CRM,2026-05-27
CRM,2026-02-25
CRM,2025-12-03
CRM,2025-09-03
CRM,2025-05-28
CRM,2025-02-26
CRM,2024-12-03
CRSP,2026-11-09
CRSP,2026-08-03
CRSP,2026-05-04
CRSP,2026-02-12
CRSP,2025-11-10
CRSP,2025-08-04
CRSP,2025-05-06
CRSP,2025-02-11
CRSP,2024-11-05
CRWV,2026-11-11
CRWV,2026-08-11
CRWV,2026-05-07
CRWV,2026-02-26
CRWV,2025-11-10
CRWV,2025-08-12
CRWV,2025-05-14
CVLT,2026-10-26
CVLT,2026-07-28
CVLT,2026-04-28
CVLT,2026-01-27
CVLT,2025-10-28
CVLT,2025-07-29
CVLT,2025-04-29
CVLT,2025-01-28
CVLT,2024-10-29
DASH,2026-11-03
DASH,2026-08-05
DASH,2026-05-06
DASH,2026-02-18
DASH,2025-11-05
DASH,2025-08-06
DASH,2025-05-06
DASH,2025-02-11
DASH,2024-10-30
DUOL,2026-11-03
DUOL,2026-08-05
DUOL,2026-05-05
DUOL,2026-02-27
DUOL,2025-11-05
DUOL,2025-08-06
DUOL,2025-05-01
DUOL,2025-02-28
DUOL,2024-11-06
ELF,2026-11-03
ELF,2026-08-05
ELF,2026-05-20
ELF,2026-02-04
ELF,2025-11-05
ELF,2025-08-06
ELF,2025-05-28
ELF,2025-02-06
ELF,2024-11-06
ENPH,2026-10-26
ENPH,2026-07-28
ENPH,2026-04-28
ENPH,2026-02-03
ENPH,2025-10-28
ENPH,2025-07-22
ENPH,2025-04-22
ENPH,2025-02-04
ENPH,2024-10-22
FIG,2026-11-03
FIG,2026-08-05
FIG,2026-05-14
FIG,2026-02-18
FIG,2025-11-05
FIG,2025-09-03
FTNT,2026-11-03
FTNT,2026-07-29
FTNT,2026-05-06
FTNT,2026-02-05
FTNT,2025-11-05
FTNT,2025-08-06
FTNT,2025-05-07
FTNT,2025-02-06
FTNT,2024-11-07
GOOGL,2026-10-27
GOOGL,2026-07-22
GOOGL,2026-04-29
GOOGL,2026-02-04
GOOGL,2025-10-29
GOOGL,2025-07-23
GOOGL,2025-04-24
GOOGL,2025-02-04
GOOGL,2024-10-29
GTLB,2026-12-07
GTLB,2026-09-01
GTLB,2026-06-02
GTLB,2026-03-03
GTLB,2025-12-02
GTLB,2025-09-03
GTLB,2025-06-10
GTLB,2025-03-03
GTLB,2024-12-05
HAL,2026-10-20
HAL,2026-07-21
HAL,2026-04-21
HAL,2026-01-21
HAL,2025-10-21
HAL,2025-07-22
HAL,2025-04-22
HAL,2025-01-22
HAL,2024-11-07
HIMS,2026-11-02
HIMS,2026-08-10
HIMS,2026-05-11
HIMS,2026-02-23
HIMS,2025-11-03
HIMS,2025-08-04
HIMS,2025-05-05
HIMS,2025-02-24
HIMS,2024-11-04
HOOD,2026-11-03
HOOD,2026-07-29
HOOD,2026-04-28
HOOD,2026-02-10
HOOD,2025-11-05
HOOD,2025-07-30
HOOD,2025-04-30
HOOD,2025-02-12
HOOD,2024-10-30
INTU,2026-11-18
INTU,2026-08-25
INTU,2026-05-20
INTU,2026-02-26
INTU,2025-11-20
INTU,2025-08-21
INTU,2025-05-22
INTU,2025-02-25
INTU,2024-11-21
IREN,2026-11-04
IREN,2026-08-27
IREN,2026-05-08
IREN,2026-02-05
IREN,2025-11-06
IREN,2025-08-28
IREN,2025-05-14
IREN,2025-02-12
IREN,2024-11-26
KVYO,2026-11-03
KVYO,2026-08-05
KVYO,2026-05-05
KVYO,2026-02-10
KVYO,2025-11-05
KVYO,2025-08-05
KVYO,2025-05-06
KVYO,2025-02-19
KVYO,2024-11-06
LLY,2026-10-29
LLY,2026-08-05
LLY,2026-04-30
LLY,2026-02-04
LLY,2025-10-30
LLY,2025-08-07
LLY,2025-05-01
LLY,2025-02-06
LLY,2024-10-30
LMT,2026-10-19
LMT,2026-07-23
LMT,2026-04-23
LMT,2026-01-29
LMT,2025-10-21
LMT,2025-07-22
LMT,2025-04-22
LMT,2025-01-28
LMT,2024-10-22
LRCX,2026-10-21
LRCX,2026-07-29
LRCX,2026-04-22
LRCX,2026-01-28
LRCX,2025-10-22
LRCX,2025-07-30
LRCX,2025-04-23
LRCX,2025-01-29
LRCX,2024-10-23
MA,2026-10-22
MA,2026-07-30
MA,2026-04-30
MA,2026-01-29
MA,2025-10-30
MA,2025-07-31
MA,2025-05-01
MA,2025-01-30
MA,2024-10-31
MCK,2026-11-03
MCK,2026-08-05
MCK,2026-05-07
MCK,2026-02-04
MCK,2025-11-05
MCK,2025-08-06
MCK,2025-05-08
MCK,2025-02-05
MCK,2024-11-06
MDB,2026-11-30
MDB,2026-09-01
MDB,2026-05-28
MDB,2026-03-02
MDB,2025-12-01
MDB,2025-08-26
MDB,2025-06-04
MDB,2025-03-05
MDB,2024-12-09
META,2026-10-27
META,2026-07-29
META,2026-04-29
META,2026-01-28
META,2025-10-29
META,2025-07-30
META,2025-04-30
META,2025-01-29
META,2024-10-30
MNDY,2026-11-09
MNDY,2026-08-10
MNDY,2026-05-11
MNDY,2026-02-09
MNDY,2025-11-10
MNDY,2025-08-11
MNDY,2025-05-12
MNDY,2025-02-10
MNDY,2024-11-11
MRK,2026-10-29
MRK,2026-08-04
MRK,2026-04-30
MRK,2026-02-03
MRK,2025-10-30
MRK,2025-07-29
MRK,2025-04-24
MRK,2025-02-04
MRK,2024-10-31
MRVL,2026-11-30
MRVL,2026-08-27
MRVL,2026-05-27
MRVL,2026-03-05
MRVL,2025-12-02
MRVL,2025-08-28
MRVL,2025-05-29
MRVL,2025-03-05
MRVL,2024-12-03
MSFT,2026-10-27
MSFT,2026-07-29
MSFT,2026-04-29
MSFT,2026-01-28
MSFT,2025-10-29
MSFT,2025-07-30
MSFT,2025-04-30
MSFT,2025-01-29
MSFT,2024-10-30
MSTR,2026-10-28
MSTR,2026-07-30
MSTR,2026-05-05
MSTR,2026-02-05
MSTR,2025-10-30
MSTR,2025-07-31
MSTR,2025-05-01
MSTR,2025-02-05
MSTR,2024-10-30
MU,2026-09-30
MU,2026-06-24
MU,2026-03-18
MU,2025-12-17
MU,2025-09-23
MU,2025-06-25
MU,2025-03-20
MU,2024-12-18
MU,2024-09-25
NEE,2026-10-22
NEE,2026-07-24
NEE,2026-04-23
NEE,2026-01-27
NEE,2025-10-28
NEE,2025-07-23
NEE,2025-04-22
NEE,2025-01-24
NEE,2024-10-23
NET,2026-10-28
NET,2026-08-06
NET,2026-05-07
NET,2026-02-10
NET,2025-10-30
NET,2025-07-31
NET,2025-05-08
NET,2025-02-06
NET,2024-11-07
NFLX,2026-10-20
NFLX,2026-07-16
NFLX,2026-04-16
NFLX,2026-01-20
NFLX,2025-10-21
NFLX,2025-07-17
NFLX,2025-04-17
NFLX,2025-01-21
NFLX,2024-10-17
NOC,2026-10-20
NOC,2026-07-21
NOC,2026-04-21
NOC,2026-01-27
NOC,2025-10-21
NOC,2025-07-22
NOC,2025-04-22
NOC,2025-01-30
NOC,2024-10-24
NOW,2026-10-27
NOW,2026-07-22
NOW,2026-04-22
NOW,2026-01-28
NOW,2025-10-29
NOW,2025-07-23
NOW,2025-04-23
NOW,2025-01-29
NOW,2024-10-23
NU,2026-11-11
NU,2026-08-12
NU,2026-05-14
NU,2026-02-25
NU,2025-11-13
NU,2025-08-14
NU,2025-05-13
NU,2025-02-20
NU,2024-11-13
NVDA,2026-11-17
NVDA,2026-08-26
NVDA,2026-05-20
NVDA,2026-02-25
NVDA,2025-11-19
NVDA,2025-08-27
NVDA,2025-05-28
NVDA,2025-02-26
NVDA,2024-11-20
ORCL,2026-12-08
ORCL,2026-09-10
ORCL,2026-06-10
ORCL,2026-03-10
ORCL,2025-12-10
ORCL,2025-09-09
ORCL,2025-06-11
ORCL,2025-03-10
ORCL,2024-12-09
PANW,2026-11-17
PANW,2026-09-01
PANW,2026-06-02
PANW,2026-02-17
PANW,2025-11-19
PANW,2025-08-18
PANW,2025-05-20
PANW,2025-02-13
PANW,2024-11-20
POOL,2026-10-15
POOL,2026-07-23
POOL,2026-04-23
POOL,2026-02-19
POOL,2025-10-23
POOL,2025-07-24
POOL,2025-04-24
POOL,2025-02-20
POOL,2024-10-24
RCL,2026-10-26
RCL,2026-07-28
RCL,2026-04-30
RCL,2026-01-29
RCL,2025-10-28
RCL,2025-07-29
RCL,2025-04-29
RCL,2025-01-28
RCL,2024-10-29
REGN,2026-10-26
REGN,2026-07-30
REGN,2026-04-29
REGN,2026-01-30
REGN,2025-10-28
REGN,2025-08-01
REGN,2025-04-29
REGN,2025-02-04
REGN,2024-10-31
RTX,2026-10-19
RTX,2026-07-23
RTX,2026-04-21
RTX,2026-01-27
RTX,2025-10-21
RTX,2025-07-22
RTX,2025-04-22
RTX,2025-01-28
RTX,2024-10-22
SLB,2026-10-16
SLB,2026-07-24
SLB,2026-04-24
SLB,2026-01-23
SLB,2025-10-17
SLB,2025-07-18
SLB,2025-04-25
SLB,2025-01-17
SLB,2024-10-18
SNOW,2026-12-01
SNOW,2026-09-02
SNOW,2026-05-27
SNOW,2026-02-25
SNOW,2025-12-03
SNOW,2025-08-27
SNOW,2025-05-21
SNOW,2025-02-26
SNOW,2024-11-20
SOFI,2026-10-26
SOFI,2026-07-29
SOFI,2026-04-27
SOFI,2026-01-30
SOFI,2025-10-28
SOFI,2025-07-29
SOFI,2025-04-29
SOFI,2025-01-27
SOFI,2024-10-29
TEAM,2026-10-26
TEAM,2026-08-06
TEAM,2026-04-30
TEAM,2026-02-05
TEAM,2025-10-30
TEAM,2025-08-07
TEAM,2025-05-01
TEAM,2025-01-30
TEAM,2024-10-31
TEM,2026-10-29
TEM,2026-07-30
TEM,2026-05-05
TEM,2026-02-24
TEM,2025-11-04
TEM,2025-08-08
TEM,2025-05-06
TEM,2025-02-24
TEM,2024-11-04
TMO,2026-10-20
TMO,2026-07-23
TMO,2026-04-23
TMO,2026-01-29
TMO,2025-10-22
TMO,2025-07-23
TMO,2025-04-23
TMO,2025-01-30
TMO,2024-10-23
TOST,2026-11-02
TOST,2026-08-04
TOST,2026-05-07
TOST,2026-02-12
TOST,2025-11-04
TOST,2025-08-05
TOST,2025-05-08
TOST,2025-02-19
TOST,2024-11-07
TSLA,2026-10-20
TSLA,2026-07-22
TSLA,2026-04-22
TSLA,2026-01-28
TSLA,2025-10-22
TSLA,2025-07-23
TSLA,2025-04-22
TSLA,2025-01-29
TSLA,2024-10-23
TTD,2026-11-04
TTD,2026-08-06
TTD,2026-05-07
TTD,2026-02-25
TTD,2025-11-06
TTD,2025-08-07
TTD,2025-05-08
TTD,2025-02-12
TTD,2024-11-07
U,2026-11-03
U,2026-08-06
U,2026-05-07
U,2026-02-11
U,2025-11-05
U,2025-08-06
U,2025-05-07
U,2025-02-20
U,2024-11-07
UBER,2026-11-02
UBER,2026-08-05
UBER,2026-05-06
UBER,2026-02-04
UBER,2025-11-04
UBER,2025-08-06
UBER,2025-05-07
UBER,2025-02-05
UBER,2024-10-31
UI,2026-11-05
UI,2026-08-21
UI,2026-05-08
UI,2026-02-06
UI,2025-11-07
UI,2025-08-22
UI,2025-05-09
UI,2025-02-07
UI,2024-11-08
UMAC,2026-11-06
UMAC,2026-08-06
UMAC,2026-05-14
UMAC,2026-03-09
UMAC,2025-11-06
UMAC,2025-08-14
UMAC,2025-05-08
UMAC,2025-03-27
UNH,2026-10-13
UNH,2026-07-16
UNH,2026-04-21
UNH,2026-01-27
UNH,2025-10-28
UNH,2025-07-29
UNH,2025-04-17
UNH,2025-01-16
UNH,2024-10-15
UPST,2026-11-02
UPST,2026-08-04
UPST,2026-05-05
UPST,2026-02-10
UPST,2025-11-04
UPST,2025-08-05
UPST,2025-05-06
UPST,2025-02-11
UPST,2024-11-07
VEEV,2026-11-18
VEEV,2026-08-26
VEEV,2026-06-03
VEEV,2026-03-04
VEEV,2025-11-20
VEEV,2025-08-27
VEEV,2025-05-28
VEEV,2025-03-05
VEEV,2024-12-05
VRT,2026-10-20
VRT,2026-07-29
VRT,2026-04-22
VRT,2026-02-11
VRT,2025-10-22
VRT,2025-07-30
VRT,2025-04-23
VRT,2025-02-12
VRT,2024-10-23
WDAY,2026-11-23
WDAY,2026-08-27
WDAY,2026-05-21
WDAY,2026-02-24
WDAY,2025-11-25
WDAY,2025-08-21
WDAY,2025-05-22
WDAY,2025-02-25
WDAY,2024-11-26
XOM,2026-10-23
XOM,2026-07-31
XOM,2026-05-01
XOM,2026-01-30
XOM,2025-10-31
XOM,2025-08-01
XOM,2025-05-02
XOM,2025-01-31
XOM,2024-11-01
ZENA,2026-11-09
ZENA,2026-06-03
ZENA,2026-04-29
ZENA,2025-11-10
ZENA,2025-08-11
ZS,2026-11-23
ZS,2026-09-03
ZS,2026-05-26
ZS,2026-02-26
ZS,2025-11-25
ZS,2025-09-02
ZS,2025-05-29
ZS,2025-03-05
ZS,2024-12-02
