Symbol,SentimentScore,Positive,Negative,as_of
AAPL,1.05,50,20,2026-09-26
ADBE,0.0,12,6,2026-09-26
AFRM,0.0,8,4,2026-09-26
AMZN,-0.78,27,16,2026-09-26
ANET,6.79,21,1,2026-09-26
AMD,3.3,74,18,2026-09-26
APP,-5.65,11,23,2026-09-26
AVAV,1.88,7,2,2026-09-26
AVGO,2.08,44,14,2026-09-26
BIIB,2.5,5,1,2026-09-26
BKR,5.5,13,1,2026-09-26
CDNS,1.88,7,2,2026-09-26
COIN,-0.9,28,17,2026-09-26
CRM,1.44,49,18,2026-09-26
CRWV,0.33,60,28,2026-09-26
CVLT,0.0,2,1,2026-09-26
DASH,-0.79,15,9,2026-09-26
ENPH,-8.15,0,11,2026-09-26
FIG,1.0,3,1,2026-09-26
FTNT,7.37,14,0,2026-09-26
GOOGL,1.17,31,12,2026-09-26
GTLB,2.86,2,0,2026-09-26
HAL,5.0,11,1,2026-09-26
HIMS,-6.09,2,8,2026-09-26
HOOD,-2.88,21,20,2026-09-26
INTU,-0.36,11,6,2026-09-26
IREN,5.33,32,4,2026-09-26
LRCX,5.71,14,1,2026-09-26
MCK,2.5,5,1,2026-09-26
MRK,6.58,29,2,2026-09-26
META,-0.57,64,36,2026-09-26
MRVL,5.4,46,6,2026-09-26
MSFT,0.88,41,17,2026-09-26
MU,1.51,93,34,2026-09-26
NFLX,-7.48,14,56,2026-09-26
NOW,1.6,12,4,2026-09-26
NVDA,0.22,21,10,2026-09-26
ORCL,-5.39,36,63,2026-09-26
PANW,2.45,28,8,2026-09-26
RCL,0.94,15,6,2026-09-26
REGN,3.08,6,1,2026-09-26
SLB,6.88,11,0,2026-09-26
SNOW,0.74,12,5,2026-09-26
SOFI,3.0,17,4,2026-09-26
TEAM,7.22,13,0,2026-09-26
TSLA,0.53,47,21,2026-09-26
UBER,1.21,16,6,2026-09-26
UI,3.75,3,0,2026-09-26
UNH,4.09,13,2,2026-09-26
UPST,-2.35,4,4,2026-09-26
VEEV,3.81,12,2,2026-09-26
VRT,2.16,20,6,2026-09-26
ZS,0.38,11,5,2026-09-26
UMAC,-2.14,3,3,2026-09-26
NOC,4.0,8,1,2026-09-26
MDB,0.56,7,3,2026-09-26
LMT,3.53,32,7,2026-09-26
U,-2.14,3,3,2026-09-26
CRCL,-0.74,10,6,2026-09-26
TWLO,3.42,23,5,2026-09-26
ACHR,1.25,11,4,2026-09-26
ALAB,5.0,11,1,2026-09-26
APLD,3.93,17,3,2026-09-26
ARM,5.32,45,6,2026-09-26
ASTS,0.83,17,7,2026-09-26
CIFR,3.0,17,4,2026-09-26
CVNA,3.75,3,0,2026-09-26
IONQ,3.09,59,15,2026-09-26
JOBY,0.0,12,6,2026-09-26
MARA,0.0,6,3,2026-09-26
MSTR,0.89,22,9,2026-09-26
NVTS,1.0,3,1,2026-09-26
RDDT,-1.79,9,7,2026-09-26
RKLB,3.55,49,11,2026-09-26
SHOP,2.6,29,8,2026-09-26
SMCI,3.96,31,6,2026-09-26
SOUN,0.45,9,4,2026-09-26
TEM,7.06,12,0,2026-09-26
APA,1.33,6,2,2026-09-26
OXY,0.0,6,3,2026-09-26
TRGP,6.88,11,0,2026-09-26
DVN,1.0,3,1,2026-09-26
FANG,-0.83,3,2,2026-09-26
COF,2.86,2,0,2026-09-26
C,2.61,12,3,2026-09-26
BE,0.95,32,13,2026-09-26
BA,-3.58,28,31,2026-09-26
URI,1.82,4,1,2026-09-26
PH,4.44,4,0,2026-09-26
FCX,6.43,9,0,2026-09-26
LYB,-4.44,0,2,2026-09-26
CRDO,2.86,20,5,2026-09-26
NBIS,2.65,50,14,2026-09-26
LITE,6.49,28,2,2026-09-26
CLS,3.08,6,1,2026-09-26
RBRK,-1.67,5,4,2026-09-26
QQQ,1.5,9,3,2026-09-26
AAPL,-0.1,49,25,2026-09-28
ADBE,0.0,12,6,2026-09-28
AFRM,0.56,7,3,2026-09-28
AMZN,-0.32,28,15,2026-09-28
ANET,6.09,16,1,2026-09-28
AMD,2.41,67,20,2026-09-28
APP,-7.54,6,29,2026-09-28
AVAV,1.0,3,1,2026-09-28
AVGO,3.57,45,10,2026-09-28
BIIB,5.0,5,0,2026-09-28
BKR,5.91,15,1,2026-09-28
CDNS,1.88,7,2,2026-09-28
COIN,0.66,30,13,2026-09-28
CRM,1.63,26,9,2026-09-28
CRWV,1.15,51,20,2026-09-28
CVLT,1.67,1,0,2026-09-28
DASH,-0.74,10,6,2026-09-28
ENPH,-7.08,1,9,2026-09-28
FIG,1.82,4,1,2026-09-28
FTNT,7.37,14,0,2026-09-28
GOOGL,2.11,32,10,2026-09-28
GTLB,2.86,2,0,2026-09-28
HAL,6.15,8,0,2026-09-28
HIMS,-5.42,3,8,2026-09-28
HOOD,-2.11,20,16,2026-09-28
INTU,-2.33,9,8,2026-09-28
IREN,2.14,23,7,2026-09-28
LRCX,5.71,14,1,2026-09-28
MCK,1.0,3,1,2026-09-28
MRK,5.33,32,4,2026-09-28
META,-2.34,45,37,2026-09-28
MRVL,3.0,43,11,2026-09-28
MSFT,2.3,43,13,2026-09-28
MU,1.27,91,35,2026-09-28
NFLX,-7.52,14,57,2026-09-28
NOW,0.33,13,6,2026-09-28
NVDA,3.66,46,10,2026-09-28
ORCL,-5.62,33,62,2026-09-28
PANW,3.02,32,8,2026-09-28
RCL,2.56,22,6,2026-09-28
REGN,4.71,10,1,2026-09-28
SLB,6.67,10,0,2026-09-28
SNOW,-4.23,5,8,2026-09-28
SOFI,2.22,14,4,2026-09-28
TEAM,7.22,13,0,2026-09-28
TSLA,-0.28,49,26,2026-09-28
UBER,0.0,14,7,2026-09-28
UI,5.0,5,0,2026-09-28
UNH,4.09,13,2,2026-09-28
UPST,0.0,6,3,2026-09-28
VEEV,2.61,12,3,2026-09-28
VRT,2.42,18,5,2026-09-28
ZS,-1.38,10,7,2026-09-28
UMAC,0.0,6,3,2026-09-28
NOC,1.88,7,2,2026-09-28
MDB,1.05,8,3,2026-09-28
LMT,4.08,32,6,2026-09-28
U,-1.82,2,2,2026-09-28
CRCL,0.87,10,4,2026-09-28
TWLO,1.4,22,8,2026-09-28
ACHR,3.81,12,2,2026-09-28
ALAB,4.09,13,2,2026-09-28
APLD,1.9,10,3,2026-09-28
ARM,4.91,40,6,2026-09-28
ASTS,-0.31,13,7,2026-09-28
CIFR,4.38,9,1,2026-09-28
CVNA,3.75,3,0,2026-09-28
IONQ,2.99,54,14,2026-09-28
JOBY,-0.88,13,8,2026-09-28
MARA,0.0,4,2,2026-09-28
MSTR,1.78,24,8,2026-09-28
NVTS,1.0,3,1,2026-09-28
RDDT,-3.24,9,10,2026-09-28
RKLB,2.84,45,12,2026-09-28
SHOP,3.89,35,7,2026-09-28
SMCI,3.56,28,6,2026-09-28
SOUN,-0.62,5,3,2026-09-28
TEM,6.67,10,0,2026-09-28
APA,3.08,6,1,2026-09-28
OXY,2.5,5,1,2026-09-28
TRGP,5.0,11,1,2026-09-28
DVN,-0.83,3,2,2026-09-28
FANG,2.86,2,0,2026-09-28
COF,-1.82,2,2,2026-09-28
C,3.81,12,2,2026-09-28
BE,0.47,31,14,2026-09-28
BA,-4.02,31,38,2026-09-28
URI,2.5,5,1,2026-09-28
PH,2.86,2,0,2026-09-28
FCX,5.45,6,0,2026-09-28
LYB,-2.86,0,1,2026-09-28
CRDO,4.14,18,3,2026-09-28
NBIS,1.72,35,12,2026-09-28
LITE,5.52,20,2,2026-09-28
CLS,5.0,5,0,2026-09-28
RBRK,-2.14,3,3,2026-09-28
QQQ,1.33,6,2,2026-09-28
