As_Of,Last_Rebalance,Last_Decision,Strategy,Regime_On,Symbol,Sector,Held,Strategy_Weight,Provisional_Weight,Strategy_Score,Strategy_Rank,Technical_Score,RS_Score,Close,Next_Earnings
2026-09-28,2026-09-25,2026-09-25,"C6: weekly top-10 ranking, max 4 per sector + soft QQQ regime (expanded universe, 96 stocks) [picks from ranks 1-20 only; sector cap relaxed to fill the 10 slots; top-3 swaps ignore the cap] + mid-week swap (Mon/Wed close: top 3 in, below rank 15 out) + mid-week exit (sell if worse than rank 30, cash until Friday) + no new buys with earnings in the next 5 days + sell 50% of a holding before earnings",1,VEEV,Technology,1,0.1398,0.0,54.9469,10.0,70.5882,39.3056,279.96,2026-11-18
2026-09-28,2026-09-25,2026-09-25,"C6: weekly top-10 ranking, max 4 per sector + soft QQQ regime (expanded universe, 96 stocks) [picks from ranks 1-20 only; sector cap relaxed to fill the 10 slots; top-3 swaps ignore the cap] + mid-week swap (Mon/Wed close: top 3 in, below rank 15 out) + mid-week exit (sell if worse than rank 30, cash until Friday) + no new buys with earnings in the next 5 days + sell 50% of a holding before earnings",1,SNOW,Technology,1,0.1373,0.0,39.2729,23.0,33.8235,44.7222,328.12,2026-12-01
2026-09-28,2026-09-25,2026-09-25,"C6: weekly top-10 ranking, max 4 per sector + soft QQQ regime (expanded universe, 96 stocks) [picks from ranks 1-20 only; sector cap relaxed to fill the 10 slots; top-3 swaps ignore the cap] + mid-week swap (Mon/Wed close: top 3 in, below rank 15 out) + mid-week exit (sell if worse than rank 30, cash until Friday) + no new buys with earnings in the next 5 days + sell 50% of a holding before earnings",1,META,Communication Services,1,0.1294,0.0,40.8578,21.0,55.8824,25.8333,715.62,2026-10-27
2026-09-28,2026-09-25,2026-09-25,"C6: weekly top-10 ranking, max 4 per sector + soft QQQ regime (expanded universe, 96 stocks) [picks from ranks 1-20 only; sector cap relaxed to fill the 10 slots; top-3 swaps ignore the cap] + mid-week swap (Mon/Wed close: top 3 in, below rank 15 out) + mid-week exit (sell if worse than rank 30, cash until Friday) + no new buys with earnings in the next 5 days + sell 50% of a holding before earnings",1,PANW,Technology,1,0.1039,0.0921,59.6283,7.0,69.1176,50.1389,392.09,2026-11-17
2026-09-28,2026-09-25,2026-09-25,"C6: weekly top-10 ranking, max 4 per sector + soft QQQ regime (expanded universe, 96 stocks) [picks from ranks 1-20 only; sector cap relaxed to fill the 10 slots; top-3 swaps ignore the cap] + mid-week swap (Mon/Wed close: top 3 in, below rank 15 out) + mid-week exit (sell if worse than rank 30, cash until Friday) + no new buys with earnings in the next 5 days + sell 50% of a holding before earnings",1,TWLO,Technology,1,0.0937,0.0805,66.5891,2.0,64.7059,68.4722,286.98,2026-10-28
2026-09-28,2026-09-25,2026-09-25,"C6: weekly top-10 ranking, max 4 per sector + soft QQQ regime (expanded universe, 96 stocks) [picks from ranks 1-20 only; sector cap relaxed to fill the 10 slots; top-3 swaps ignore the cap] + mid-week swap (Mon/Wed close: top 3 in, below rank 15 out) + mid-week exit (sell if worse than rank 30, cash until Friday) + no new buys with earnings in the next 5 days + sell 50% of a holding before earnings",1,AMD,Technology,1,0.0936,0.0803,64.4199,4.0,69.1176,59.7222,607.87,2026-11-02
2026-09-28,2026-09-25,2026-09-25,"C6: weekly top-10 ranking, max 4 per sector + soft QQQ regime (expanded universe, 96 stocks) [picks from ranks 1-20 only; sector cap relaxed to fill the 10 slots; top-3 swaps ignore the cap] + mid-week swap (Mon/Wed close: top 3 in, below rank 15 out) + mid-week exit (sell if worse than rank 30, cash until Friday) + no new buys with earnings in the next 5 days + sell 50% of a holding before earnings",1,RBRK,Technology,1,0.0891,0.0771,65.8783,3.0,69.1176,62.6389,113.09,2026-12-07
2026-09-28,2026-09-25,2026-09-25,"C6: weekly top-10 ranking, max 4 per sector + soft QQQ regime (expanded universe, 96 stocks) [picks from ranks 1-20 only; sector cap relaxed to fill the 10 slots; top-3 swaps ignore the cap] + mid-week swap (Mon/Wed close: top 3 in, below rank 15 out) + mid-week exit (sell if worse than rank 30, cash until Friday) + no new buys with earnings in the next 5 days + sell 50% of a holding before earnings",1,SMCI,Technology,1,0.0733,0.064,69.567,1.0,79.4118,59.7222,41.78,2026-11-02
2026-09-28,2026-09-25,2026-09-25,"C6: weekly top-10 ranking, max 4 per sector + soft QQQ regime (expanded universe, 96 stocks) [picks from ranks 1-20 only; sector cap relaxed to fill the 10 slots; top-3 swaps ignore the cap] + mid-week swap (Mon/Wed close: top 3 in, below rank 15 out) + mid-week exit (sell if worse than rank 30, cash until Friday) + no new buys with earnings in the next 5 days + sell 50% of a holding before earnings",1,TEM,Health Care,1,0.0707,0.0609,63.9052,5.0,70.5882,57.2222,85.08,2026-11-02
2026-09-28,2026-09-25,2026-09-25,"C6: weekly top-10 ranking, max 4 per sector + soft QQQ regime (expanded universe, 96 stocks) [picks from ranks 1-20 only; sector cap relaxed to fill the 10 slots; top-3 swaps ignore the cap] + mid-week swap (Mon/Wed close: top 3 in, below rank 15 out) + mid-week exit (sell if worse than rank 30, cash until Friday) + no new buys with earnings in the next 5 days + sell 50% of a holding before earnings",1,TEAM,Technology,1,0.0691,0.0,36.0008,25.0,23.5294,48.4722,178.54,2026-10-26
2026-09-28,2026-09-25,2026-09-25,"C6: weekly top-10 ranking, max 4 per sector + soft QQQ regime (expanded universe, 96 stocks) [picks from ranks 1-20 only; sector cap relaxed to fill the 10 slots; top-3 swaps ignore the cap] + mid-week swap (Mon/Wed close: top 3 in, below rank 15 out) + mid-week exit (sell if worse than rank 30, cash until Friday) + no new buys with earnings in the next 5 days + sell 50% of a holding before earnings",1,ANET,Technology,0,0.0,0.1045,56.8342,8.0,73.5294,40.1389,204.92,2026-11-02
2026-09-28,2026-09-25,2026-09-25,"C6: weekly top-10 ranking, max 4 per sector + soft QQQ regime (expanded universe, 96 stocks) [picks from ranks 1-20 only; sector cap relaxed to fill the 10 slots; top-3 swaps ignore the cap] + mid-week swap (Mon/Wed close: top 3 in, below rank 15 out) + mid-week exit (sell if worse than rank 30, cash until Friday) + no new buys with earnings in the next 5 days + sell 50% of a holding before earnings",1,FTNT,Technology,0,0.0,0.1237,55.4616,9.0,69.1176,41.8056,176.33,2026-11-03
2026-09-28,2026-09-25,2026-09-25,"C6: weekly top-10 ranking, max 4 per sector + soft QQQ regime (expanded universe, 96 stocks) [picks from ranks 1-20 only; sector cap relaxed to fill the 10 slots; top-3 swaps ignore the cap] + mid-week swap (Mon/Wed close: top 3 in, below rank 15 out) + mid-week exit (sell if worse than rank 30, cash until Friday) + no new buys with earnings in the next 5 days + sell 50% of a holding before earnings",1,BIIB,Health Care,0,0.0,0.1556,48.8194,15.0,75.0,22.6389,228.69,2026-10-28
2026-09-28,2026-09-25,2026-09-25,"C6: weekly top-10 ranking, max 4 per sector + soft QQQ regime (expanded universe, 96 stocks) [picks from ranks 1-20 only; sector cap relaxed to fill the 10 slots; top-3 swaps ignore the cap] + mid-week swap (Mon/Wed close: top 3 in, below rank 15 out) + mid-week exit (sell if worse than rank 30, cash until Friday) + no new buys with earnings in the next 5 days + sell 50% of a holding before earnings",1,MRK,Health Care,0,0.0,0.1611,42.0915,19.0,60.2941,23.8889,148.69,2026-10-29
