Symbol,Weight,Decision_Date,Entry_Date,Entry_Price,Close,PnL_%,Days_Held,Vol_63d_%,ATR,ATR_Stop,Dist_to_Stop_%
AMD,0.0936,2026-09-25,2026-09-28,624.895,607.87,-2.7245,1,70.2983,25.4154,531.6237,14.3421
META,0.1294,2026-09-25,2026-09-28,750.04,715.62,-4.5891,1,51.6974,28.016,631.5721,13.3077
PANW,0.1039,2026-09-25,2026-09-28,370.61,392.09,5.7959,1,61.2402,18.4533,336.7301,16.4404
SNOW,0.1373,2026-09-25,2026-09-28,320.01,328.12,2.5343,1,48.1121,15.2566,282.3503,16.2103
TEAM,0.0691,2026-08-07,2026-08-10,149.325,178.54,19.5647,35,95.8229,9.1513,168.2162,6.1372
VEEV,0.1398,2026-09-25,2026-09-28,275.08,279.96,1.774,1,46.8156,8.6818,253.9146,10.2576
TWLO,0.0937,2026-09-18,2026-09-21,247.12,286.98,16.1298,6,70.0812,14.4421,256.3336,11.9557
SMCI,0.0733,2026-09-25,2026-09-28,42.75,41.78,-2.269,1,88.1115,2.3301,34.7897,20.0929
TEM,0.0707,2026-09-16,2026-09-17,72.7,85.08,17.0289,8,92.5766,4.7428,70.8516,20.082
RBRK,0.0891,2026-09-18,2026-09-21,107.57,113.09,5.1315,6,73.1646,5.8725,97.9526,15.4538
